ai_briefings	brief_date	date	0
ai_briefings	summary	text	65535
ai_briefings	activity_n	int	0
ai_briefings	created_by	varchar	255
ai_briefings	created_at	datetime	0
app_settings	key	varchar	191
app_settings	value	text	65535
ap_audit_log	log_id	bigint	0
ap_audit_log	timestamp	datetime	0
ap_audit_log	user_email	varchar	255
ap_audit_log	action	varchar	64
ap_audit_log	record_id	varchar	64
ap_audit_log	details	text	65535
ap_payment_requests	id	varchar	64
ap_payment_requests	created_at	datetime	0
ap_payment_requests	submitted_by	varchar	255
ap_payment_requests	submitter_name	varchar	255
ap_payment_requests	requestor	varchar	255
ap_payment_requests	department	varchar	255
ap_payment_requests	project	varchar	255
ap_payment_requests	payee	varchar	255
ap_payment_requests	category	varchar	255
ap_payment_requests	invoice_no	varchar	255
ap_payment_requests	invoice_date	date	0
ap_payment_requests	currency	varchar	8
ap_payment_requests	description	text	65535
ap_payment_requests	line_items	longtext	4294967295
ap_payment_requests	amount	decimal	0
ap_payment_requests	sst_applicable	varchar	8
ap_payment_requests	sst_amount	decimal	0
ap_payment_requests	total_amount	decimal	0
ap_payment_requests	due_date	date	0
ap_payment_requests	priority	varchar	32
ap_payment_requests	attachments	longtext	4294967295
ap_payment_requests	status	varchar	32
ap_payment_requests	approved_by	varchar	255
ap_payment_requests	approval_date	datetime	0
ap_payment_requests	payment_release_date	datetime	0
ap_payment_requests	payment_method	varchar	64
ap_payment_requests	paid_amount	decimal	0
ap_payment_requests	outstanding	decimal	0
ap_payment_requests	infotech_keyed	varchar	8
ap_payment_requests	approver_remarks	text	65535
ap_payment_requests	entry_mode	varchar	16
ap_payment_requests	updated_at	datetime	0
ap_payment_requests	bank_name	varchar	255
ap_payment_requests	bank_account_name	varchar	255
ap_payment_requests	bank_account_no	varchar	64
ap_payment_requests	last_action	varchar	255
ap_payment_requests	last_action_by	varchar	255
ap_payment_requests	request_amount	decimal	0
ar_audit_log	log_id	bigint	0
ar_audit_log	timestamp	datetime	0
ar_audit_log	user_email	varchar	255
ar_audit_log	action	varchar	64
ar_audit_log	record_id	varchar	64
ar_audit_log	details	text	65535
ar_payments_received	id	varchar	64
ar_payments_received	created_at	datetime	0
ar_payments_received	uploaded_by	varchar	255
ar_payments_received	uploader_name	varchar	255
ar_payments_received	payer_name	varchar	255
ar_payments_received	payer_bank	varchar	255
ar_payments_received	our_account	varchar	255
ar_payments_received	transaction_type	varchar	32
ar_payments_received	reference_no	varchar	255
ar_payments_received	value_date	date	0
ar_payments_received	currency	varchar	8
ar_payments_received	amount	decimal	0
ar_payments_received	invoices	longtext	4294967295
ar_payments_received	invoice_nos_text	text	65535
ar_payments_received	allocated_total	decimal	0
ar_payments_received	unallocated	decimal	0
ar_payments_received	description	text	65535
ar_payments_received	attachments	longtext	4294967295
ar_payments_received	status	varchar	32
ar_payments_received	verified_by	varchar	255
ar_payments_received	verified_at	datetime	0
ar_payments_received	keyed_by	varchar	255
ar_payments_received	keyed_at	datetime	0
ar_payments_received	possible_duplicate_of	varchar	64
ar_payments_received	remarks	text	65535
ar_payments_received	entry_mode	varchar	16
ar_payments_received	updated_at	datetime	0
ar_payments_received	last_action	varchar	255
ar_payments_received	last_action_by	varchar	255
att_records	id	varchar	64
att_records	file_key	varchar	255
att_records	file_name	varchar	255
att_records	added_at	datetime	0
att_records	keyed_by	varchar	255
att_records	worker	varchar	255
att_records	date	date	0
att_records	time	varchar	32
att_records	app	varchar	255
att_records	verify_code	varchar	255
att_records	machine_tick	varchar	64
att_records	verdict	varchar	64
att_records	exif_check	varchar	255
att_records	notes	text	65535
att_records	photo_drive_id	varchar	512
att_records	thumb	mediumtext	16777215
att_records	ai_json	longtext	4294967295
att_records	exif_json	longtext	4294967295
audit_log	id	bigint	0
audit_log	at	datetime	0
audit_log	user_email	varchar	255
audit_log	action	varchar	255
audit_log	record_type	varchar	64
audit_log	record_id	varchar	255
audit_log	details	text	65535
blg_pending	id	char	36
blg_pending	ref	varchar	64
blg_pending	job_scope	varchar	255
blg_pending	mall	varchar	255
blg_pending	brand	varchar	255
blg_pending	job_date	date	0
blg_pending	caption	text	65535
blg_pending	target	varchar	32
blg_pending	wix_status	varchar	32
blg_pending	linkedin_status	varchar	32
blg_pending	image_paths	longtext	4294967295
blg_pending	created_at	datetime	0
blg_posts	id	char	36
blg_posts	ref	varchar	64
blg_posts	job_scope	varchar	255
blg_posts	mall	varchar	255
blg_posts	brand	varchar	255
blg_posts	job_date	date	0
blg_posts	caption	text	65535
blg_posts	target	varchar	32
blg_posts	wix_status	varchar	32
blg_posts	linkedin_status	varchar	32
blg_posts	wix_link	varchar	512
blg_posts	linkedin_link	varchar	512
blg_posts	image_paths	longtext	4294967295
blg_posts	image_url	varchar	512
blg_posts	image_file_id	varchar	255
blg_posts	pushed_at	datetime	0
blg_posts	created_by	varchar	255
blg_posts	created_at	datetime	0
clients	id	char	36
clients	name	varchar	255
clients	type	varchar	64
clients	phone	varchar	255
clients	email	varchar	255
clients	notes	text	65535
clients	created_by	varchar	255
clients	created_at	datetime	0
clients	contact_person	varchar	255
clients	contact_number	varchar	64
clients	address	varchar	255
clients	updated_at	datetime	0
clients	updated_by	varchar	255
clm_claims	id	char	36
clm_claims	claim_no	varchar	64
clm_claims	submitted_at	datetime	0
clm_claims	submitted_by	varchar	255
clm_claims	receipt_date	date	0
clm_claims	vendor	varchar	255
clm_claims	currency	varchar	255
clm_claims	subtotal	decimal	0
clm_claims	service_charge	decimal	0
clm_claims	subsidy_amount	decimal	0
clm_claims	sst_amount	decimal	0
clm_claims	rounding_adjustment	decimal	0
clm_claims	total	decimal	0
clm_claims	primary_category	varchar	255
clm_claims	status	varchar	255
clm_claims	receipt_paths	longtext	4294967295
clm_claims	remarks	text	65535
clm_claims	created_by	varchar	255
clm_claims	created_at	datetime	0
clm_claims	pdf_url	varchar	512
clm_claims	folder_url	varchar	512
clm_claims	receipt_urls	text	65535
clm_claim_lines	id	char	36
clm_claim_lines	claim_id	char	36
clm_claim_lines	description	text	65535
clm_claim_lines	quantity	decimal	0
clm_claim_lines	unit_price	decimal	0
clm_claim_lines	line_amount	decimal	0
clm_claim_lines	category	varchar	255
clm_claim_lines	remarks	text	65535
clm_claim_lines	sort	int	0
clm_summaries	id	char	36
clm_summaries	summary_no	varchar	64
clm_summaries	generated_at	datetime	0
clm_summaries	generated_by	varchar	255
clm_summaries	claim_nos	text	65535
clm_summaries	claim_count	int	0
clm_summaries	currency	varchar	255
clm_summaries	grand_total	decimal	0
clm_summaries	period_from	date	0
clm_summaries	period_to	date	0
clm_summaries	title	varchar	255
clm_summaries	remarks	text	65535
clm_summaries	created_by	varchar	255
clm_summaries	created_at	datetime	0
clm_summaries	pdf_url	varchar	512
dsp_alarms	alarm_type	varchar	12
dsp_alarms	ref	varchar	64
dsp_alarms	detail	varchar	864
dsp_alarms	due_date	date	0
dsp_alarms	recipient	varchar	255
dsp_audit_log	id	bigint	0
dsp_audit_log	timestamp	datetime	0
dsp_audit_log	user_email	varchar	255
dsp_audit_log	action	varchar	255
dsp_audit_log	record_type	varchar	64
dsp_audit_log	record_id	varchar	64
dsp_audit_log	details	text	65535
dsp_config	key	varchar	64
dsp_config	value	varchar	255
dsp_config	notes	varchar	255
dsp_jobs	id	char	36
dsp_jobs	job_code	varchar	64
dsp_jobs	client	varchar	255
dsp_jobs	client_group	varchar	255
dsp_jobs	mall	varchar	255
dsp_jobs	lot_no	varchar	255
dsp_jobs	job_type	varchar	64
dsp_jobs	scope	varchar	255
dsp_jobs	door_type	varchar	64
dsp_jobs	install_date	date	0
dsp_jobs	measure_status	varchar	32
dsp_jobs	sketch_url	varchar	512
dsp_jobs	quote_status	varchar	32
dsp_jobs	quote_ref	varchar	255
dsp_jobs	needs_visual	varchar	8
dsp_jobs	visual_status	varchar	32
dsp_jobs	visual_url	varchar	512
dsp_jobs	permit_by	varchar	32
dsp_jobs	permit_status	varchar	32
dsp_jobs	permit_url	varchar	512
dsp_jobs	permit_approved_at	date	0
dsp_jobs	material_ready	varchar	8
dsp_jobs	material_notes	text	65535
dsp_jobs	job_status	varchar	32
dsp_jobs	dispatch_date	date	0
dsp_jobs	team_no	varchar	64
dsp_jobs	seq	varchar	64
dsp_jobs	notes	text	65535
dsp_jobs	created_at	datetime	0
dsp_jobs	created_by	varchar	255
dsp_jobs	updated_at	datetime	0
dsp_jobs	updated_by	varchar	255
dsp_lorries	id	char	36
dsp_lorries	plate	varchar	64
dsp_lorries	label	varchar	255
dsp_lorries	active	tinyint	0
dsp_lorries	created_at	datetime	0
dsp_lorries	created_by	varchar	255
dsp_lorries	updated_at	datetime	0
dsp_lorries	updated_by	varchar	255
dsp_staff	id	char	36
dsp_staff	name	varchar	255
dsp_staff	role	varchar	32
dsp_staff	phone	varchar	64
dsp_staff	active	tinyint	0
dsp_staff	created_at	datetime	0
dsp_staff	created_by	varchar	255
dsp_staff	updated_at	datetime	0
dsp_staff	updated_by	varchar	255
dsp_teams	id	char	36
dsp_teams	dispatch_date	date	0
dsp_teams	team_no	varchar	64
dsp_teams	driver	varchar	255
dsp_teams	workers	varchar	512
dsp_teams	lorry	varchar	64
dsp_teams	notes	text	65535
dsp_teams	created_at	datetime	0
dsp_teams	created_by	varchar	255
dsp_teams	updated_at	datetime	0
dsp_teams	updated_by	varchar	255
exp_categories	name	varchar	64
exp_categories	sort	int	0
exp_expenses	id	char	36
exp_expenses	created_at	datetime	0
exp_expenses	created_by	varchar	255
exp_expenses	receipt_date	date	0
exp_expenses	month_key	varchar	64
exp_expenses	vendor	varchar	255
exp_expenses	description	text	65535
exp_expenses	category	varchar	255
exp_expenses	currency	varchar	255
exp_expenses	amount	decimal	0
exp_expenses	type	varchar	255
exp_expenses	status	varchar	255
exp_expenses	image_path	varchar	512
exp_expenses	remarks	text	65535
exp_expenses	image_url	varchar	512
fd_results	id	bigint	0
fd_results	date	date	0
fd_results	draw_no	varchar	32
fd_results	p1	varchar	8
fd_results	p2	varchar	8
fd_results	p3	varchar	8
fd_results	s1	varchar	8
fd_results	s2	varchar	8
fd_results	s3	varchar	8
fd_results	s4	varchar	8
fd_results	s5	varchar	8
fd_results	s6	varchar	8
fd_results	s7	varchar	8
fd_results	s8	varchar	8
fd_results	s9	varchar	8
fd_results	s10	varchar	8
fd_results	c1	varchar	8
fd_results	c2	varchar	8
fd_results	c3	varchar	8
fd_results	c4	varchar	8
fd_results	c5	varchar	8
fd_results	c6	varchar	8
fd_results	c7	varchar	8
fd_results	c8	varchar	8
fd_results	c9	varchar	8
fd_results	c10	varchar	8
flt_drivers	id	varchar	64
flt_drivers	name	varchar	255
flt_drivers	ic	varchar	64
flt_drivers	phone	varchar	64
flt_drivers	license_class	varchar	64
flt_drivers	license_expiry	date	0
flt_drivers	gdl_expiry	date	0
flt_drivers	assigned_vehicle	varchar	255
flt_drivers	notes	text	65535
flt_drivers	keyed_by	varchar	255
flt_drivers	license_doc	varchar	512
flt_drivers	passport_photo	varchar	512
flt_drivers	ic_doc	varchar	512
flt_drivers	license_renewal_doc	varchar	512
flt_expenses	id	varchar	64
flt_expenses	date	date	0
flt_expenses	vehicle	varchar	255
flt_expenses	category	varchar	255
flt_expenses	amount	decimal	0
flt_expenses	qty	decimal	0
flt_expenses	vendor	varchar	255
flt_expenses	ref	varchar	255
flt_expenses	notes	text	65535
flt_expenses	source	varchar	255
flt_expenses	keyed_by	varchar	255
flt_expenses	doc_link	varchar	512
flt_expenses	before_pics	text	65535
flt_expenses	after_pics	text	65535
flt_expenses	delivery_order	varchar	512
flt_expenses	tipping_receipt	varchar	512
flt_expenses	payment_receipt	varchar	512
flt_expenses	tipping_ticket	varchar	512
flt_expenses	other_docs	text	65535
flt_expiries	id	varchar	64
flt_expiries	subject	varchar	255
flt_expiries	type	varchar	64
flt_expiries	due_date	date	0
flt_expiries	notes	text	65535
flt_expiries	keyed_by	varchar	255
flt_expiries	doc_link	varchar	512
flt_import_log	id	varchar	64
flt_import_log	file	varchar	255
flt_import_log	type	varchar	64
flt_import_log	rows	int	0
flt_import_log	info	text	65535
flt_import_log	imported_at	datetime	0
flt_import_log	keyed_by	varchar	255
flt_trips	id	varchar	64
flt_trips	period	varchar	64
flt_trips	vehicle	varchar	255
flt_trips	km	decimal	0
flt_trips	trips	int	0
flt_trips	speeding	decimal	0
flt_trips	braking	decimal	0
flt_trips	accel	decimal	0
flt_trips	cornering	decimal	0
flt_trips	idling	decimal	0
flt_trips	source	varchar	255
flt_trips	keyed_by	varchar	255
flt_vehicles	id	varchar	64
flt_vehicles	plate	varchar	255
flt_vehicles	model	varchar	255
flt_vehicles	type	varchar	64
flt_vehicles	year	int	0
flt_vehicles	notes	text	65535
flt_vehicles	keyed_by	varchar	255
flt_vehicles	doc_link	varchar	512
flt_vehicles	lorry_code	varchar	64
hlib_mailbot_log	id	bigint	0
hlib_mailbot_log	at	datetime	0
hlib_mailbot_log	kind	varchar	64
hlib_mailbot_log	message	text	65535
hlib_rates	id	varchar	64
hlib_rates	mall	varchar	255
hlib_rates	item	varchar	255
hlib_rates	unit	varchar	32
hlib_rates	rate_rm	decimal	0
hlib_records	id	varchar	64
hlib_records	lot	varchar	255
hlib_records	mall	varchar	255
hlib_records	tenant	varchar	255
hlib_records	length_m	decimal	0
hlib_records	height_m	decimal	0
hlib_records	area_m2	decimal	0
hlib_records	panels	varchar	64
hlib_records	door_type	varchar	64
hlib_records	door_qty	int	0
hlib_records	door_size	varchar	64
hlib_records	drawing_no	varchar	512
hlib_records	date	date	0
hlib_records	notes	text	65535
hlib_records	drive_file_id	varchar	512
hlib_records	file_name	varchar	255
hlib_records	created_at	datetime	0
hlib_records	run	varchar	64
hlib_records	group_id	varchar	64
hlib_records	files	longtext	4294967295
hrd_config	key	varchar	64
hrd_config	value	text	65535
hrd_materials	code	varchar	64
hrd_materials	type	varchar	255
hrd_materials	size	varchar	255
hrd_materials	thickness	decimal	0
hrd_materials	bar_qty	decimal	0
hrd_materials	unit	varchar	255
hrd_materials	cost_price	decimal	0
hrd_materials	markup	decimal	0
hrd_materials	updated_by	varchar	255
hrd_materials	updated_at	datetime	0
hrd_price_history	id	bigint	0
hrd_price_history	ts	datetime	0
hrd_price_history	code	varchar	64
hrd_price_history	field	varchar	64
hrd_price_history	old_val	decimal	0
hrd_price_history	new_val	decimal	0
hrd_price_history	user_email	varchar	255
hrd_price_history	reason	text	65535
hrd_quotes	id	char	36
hrd_quotes	quote_no	varchar	64
hrd_quotes	quote_date	date	0
hrd_quotes	client	varchar	255
hrd_quotes	contact	varchar	255
hrd_quotes	project	varchar	255
hrd_quotes	mall	varchar	255
hrd_quotes	lot	varchar	255
hrd_quotes	location	varchar	255
hrd_quotes	validity	decimal	0
hrd_quotes	status	varchar	64
hrd_quotes	length	decimal	0
hrd_quotes	height	decimal	0
hrd_quotes	doors	decimal	0
hrd_quotes	hoarding_total	decimal	0
hrd_quotes	gate_total	decimal	0
hrd_quotes	subtotal	decimal	0
hrd_quotes	sst_pct	decimal	0
hrd_quotes	sst_amount	decimal	0
hrd_quotes	grand_total	decimal	0
hrd_quotes	data	longtext	4294967295
hrd_quotes	created_by	varchar	255
hrd_quotes	created_at	datetime	0
hrd_quotes	updated_by	varchar	255
hrd_quotes	updated_at	datetime	0
hrd_quotes	signboard_total	decimal	0
hrd_quotes	material_total	decimal	0
hrd_quotes	labor_total	decimal	0
hrd_supplier_prices	id	char	36
hrd_supplier_prices	code	varchar	64
hrd_supplier_prices	supplier	varchar	255
hrd_supplier_prices	cost_price	decimal	0
hrd_supplier_prices	note	text	65535
hrd_supplier_prices	created_by	varchar	255
hrd_supplier_prices	created_at	datetime	0
inv_materials	id	char	36
inv_materials	name	varchar	255
inv_materials	unit	varchar	255
inv_materials	category	varchar	255
inv_materials	low_stock_threshold	decimal	0
inv_materials	photo_url	varchar	512
inv_materials	created_by	varchar	255
inv_materials	created_at	datetime	0
inv_materials	updated_by	varchar	255
inv_materials	updated_at	datetime	0
inv_payments	id	char	36
inv_payments	payment_date	date	0
inv_payments	payee_type	varchar	255
inv_payments	payee_id	varchar	64
inv_payments	amount	decimal	0
inv_payments	method	varchar	255
inv_payments	reference_number	varchar	255
inv_payments	notes	text	65535
inv_payments	slip_photo_url	varchar	512
inv_payments	created_by	varchar	255
inv_payments	created_at	datetime	0
inv_payments	updated_by	varchar	255
inv_payments	updated_at	datetime	0
inv_payment_allocations	id	char	36
inv_payment_allocations	payment_id	char	36
inv_payment_allocations	purchase_id	char	36
inv_payment_allocations	amount_applied	decimal	0
inv_purchases	id	char	36
inv_purchases	date	date	0
inv_purchases	supplier_id	varchar	64
inv_purchases	do_number	varchar	255
inv_purchases	notes	text	65535
inv_purchases	invoice_url	varchar	512
inv_purchases	discount	decimal	0
inv_purchases	delivery	decimal	0
inv_purchases	tax	decimal	0
inv_purchases	rounding_adjustment	decimal	0
inv_purchases	delivery_photos	longtext	4294967295
inv_purchases	paid_by	varchar	255
inv_purchases	created_by	varchar	255
inv_purchases	created_at	datetime	0
inv_purchase_lines	id	char	36
inv_purchase_lines	purchase_id	char	36
inv_purchase_lines	item_type	varchar	255
inv_purchase_lines	material_id	varchar	64
inv_purchase_lines	qty	decimal	0
inv_purchase_lines	rate	decimal	0
inv_purchase_lines	amount	decimal	0
inv_purchase_lines	division	varchar	255
inv_purchase_lines	requested_by	varchar	255
inv_quotations	id	char	36
inv_quotations	item_type	varchar	255
inv_quotations	material_id	varchar	64
inv_quotations	supplier_id	varchar	64
inv_quotations	rate	decimal	0
inv_quotations	qty_offered	decimal	0
inv_quotations	valid_until	date	0
inv_quotations	source	varchar	255
inv_quotations	notes	text	65535
inv_quotations	screenshot_url	varchar	512
inv_quotations	created_by	varchar	255
inv_quotations	created_at	datetime	0
inv_quotations	updated_by	varchar	255
inv_quotations	updated_at	datetime	0
inv_repairs	id	char	36
inv_repairs	tool_id	varchar	64
inv_repairs	assignment_id	varchar	64
inv_repairs	qty	decimal	0
inv_repairs	supplier_id	varchar	64
inv_repairs	sent_date	date	0
inv_repairs	sent_notes	text	65535
inv_repairs	sent_photo_url	varchar	512
inv_repairs	status	varchar	255
inv_repairs	returned_date	date	0
inv_repairs	returned_qty	decimal	0
inv_repairs	returned_notes	text	65535
inv_repairs	returned_photo_url	varchar	512
inv_repairs	created_by	varchar	255
inv_repairs	created_at	datetime	0
inv_repairs	updated_by	varchar	255
inv_repairs	updated_at	datetime	0
inv_stock_counts	id	char	36
inv_stock_counts	count_date	date	0
inv_stock_counts	item_type	varchar	255
inv_stock_counts	item_id	varchar	64
inv_stock_counts	system_qty	decimal	0
inv_stock_counts	counted_qty	decimal	0
inv_stock_counts	variance	decimal	0
inv_stock_counts	reason	varchar	255
inv_stock_counts	notes	text	65535
inv_stock_counts	photo_url	varchar	512
inv_stock_counts	created_by	varchar	255
inv_stock_counts	created_at	datetime	0
inv_stock_counts	updated_by	varchar	255
inv_stock_counts	updated_at	datetime	0
inv_stock_outs	id	char	36
inv_stock_outs	dn_number	varchar	64
inv_stock_outs	date	date	0
inv_stock_outs	division	varchar	255
inv_stock_outs	project	varchar	255
inv_stock_outs	notes	text	65535
inv_stock_outs	requested_by	varchar	255
inv_stock_outs	collection_photos	longtext	4294967295
inv_stock_outs	created_by	varchar	255
inv_stock_outs	created_at	datetime	0
inv_stock_out_lines	id	char	36
inv_stock_out_lines	stock_out_id	char	36
inv_stock_out_lines	material_id	varchar	64
inv_stock_out_lines	qty	decimal	0
inv_stock_out_lines	rate_per_unit	decimal	0
inv_stock_out_lines	amount	decimal	0
inv_suppliers	id	char	36
inv_suppliers	name	varchar	255
inv_suppliers	contact	varchar	255
inv_suppliers	contact_person	varchar	255
inv_suppliers	category	varchar	255
inv_suppliers	supplier_type	varchar	255
inv_suppliers	notes	text	65535
inv_suppliers	created_by	varchar	255
inv_suppliers	created_at	datetime	0
inv_suppliers	updated_by	varchar	255
inv_suppliers	updated_at	datetime	0
inv_tools	id	char	36
inv_tools	name	varchar	255
inv_tools	category	varchar	255
inv_tools	brand	varchar	255
inv_tools	unit	varchar	255
inv_tools	total_qty	decimal	0
inv_tools	serial_number	varchar	255
inv_tools	photo_url	varchar	512
inv_tools	notes	text	65535
inv_tools	created_by	varchar	255
inv_tools	created_at	datetime	0
inv_tools	updated_by	varchar	255
inv_tools	updated_at	datetime	0
inv_tool_assignments	id	char	36
inv_tool_assignments	tool_id	varchar	64
inv_tool_assignments	qty	decimal	0
inv_tool_assignments	person	varchar	255
inv_tool_assignments	division	varchar	255
inv_tool_assignments	assigned_date	date	0
inv_tool_assignments	assigned_notes	text	65535
inv_tool_assignments	returned_date	date	0
inv_tool_assignments	returned_qty	decimal	0
inv_tool_assignments	returned_condition	varchar	255
inv_tool_assignments	returned_notes	text	65535
inv_tool_assignments	returned_photo_url	varchar	512
inv_tool_assignments	created_by	varchar	255
inv_tool_assignments	created_at	datetime	0
inv_tool_assignments	updated_by	varchar	255
inv_tool_assignments	updated_at	datetime	0
inv_workers	id	char	36
inv_workers	name	varchar	255
inv_workers	role	varchar	255
inv_workers	division	varchar	255
inv_workers	active	tinyint	0
inv_workers	created_at	datetime	0
inv_workers	created_by	varchar	255
inv_workers	updated_at	datetime	0
inv_workers	updated_by	varchar	255
ja_attendance_log	id	varchar	128
ja_attendance_log	worker_id	varchar	64
ja_attendance_log	worker_name	varchar	255
ja_attendance_log	date	date	0
ja_attendance_log	category	varchar	32
ja_attendance_log	clock_in	varchar	16
ja_attendance_log	clock_out	varchar	16
ja_attendance_log	next_day_out	tinyint	0
ja_attendance_log	raw_events	longtext	4294967295
ja_attendance_log	source	varchar	32
ja_attendance_log	notes	text	65535
ja_attendance_log	created_at	datetime	0
ja_attendance_log	created_by	varchar	255
ja_audit_log	id	bigint	0
ja_audit_log	ts	datetime	0
ja_audit_log	user_email	varchar	255
ja_audit_log	action	varchar	255
ja_audit_log	details	text	65535
ja_disputes	id	varchar	64
ja_disputes	submitted_at	datetime	0
ja_disputes	worker_id	varchar	64
ja_disputes	worker_name	varchar	255
ja_disputes	date	date	0
ja_disputes	claimed_in	varchar	16
ja_disputes	claimed_out	varchar	16
ja_disputes	claimed_next_day	tinyint	0
ja_disputes	claimed_amount	decimal	0
ja_disputes	worker_note	text	65535
ja_disputes	status	varchar	32
ja_disputes	reviewer_note	text	65535
ja_disputes	reviewed_by	varchar	255
ja_disputes	reviewed_at	datetime	0
ja_disputes	photos	longtext	4294967295
ja_jobs	id	varchar	64
ja_jobs	title	varchar	255
ja_jobs	client	varchar	255
ja_jobs	mall	varchar	255
ja_jobs	lot	varchar	255
ja_jobs	shift	varchar	32
ja_jobs	scope	varchar	255
ja_jobs	date	date	0
ja_jobs	time	varchar	64
ja_jobs	notes	text	65535
ja_jobs	supervisor_ids	longtext	4294967295
ja_jobs	worker_ids	longtext	4294967295
ja_jobs	lorry_ids	longtext	4294967295
ja_jobs	created_at	datetime	0
ja_jobs	updated_at	datetime	0
ja_jobs	supervisor_names	varchar	512
ja_jobs	worker_names	text	65535
ja_jobs	lorry_details	varchar	512
ja_jobs	state	varchar	64
ja_jobs	incentive_status	varchar	32
ja_jobs	incentive_paid_date	date	0
ja_jobs	incentive_notes	text	65535
ja_jobs	wage_status	varchar	32
ja_jobs	wage_paid_date	date	0
ja_jobs	wage_notes	text	65535
ja_jobs	allow_status	varchar	32
ja_jobs	allow_paid_date	date	0
ja_jobs	allow_notes	text	65535
ja_jobs	remarks	text	65535
ja_jobs	po	varchar	64
ja_jobs	invoice_no	varchar	64
ja_jobs	invoice_date	date	0
ja_jobs	invoice_amount	decimal	0
ja_jobs	invoice_status	varchar	32
ja_jobs	invoice_notes	text	65535
ja_jobs	charge_hoarding	decimal	0
ja_jobs	charge_visual	decimal	0
ja_jobs	charge_dismantling	decimal	0
ja_jobs	discount	decimal	0
ja_jobs	has_tax	tinyint	0
ja_jobs	hoarding_size	varchar	255
ja_jobs	worker_times	longtext	4294967295
ja_jobs	charge_preliminaries	decimal	0
ja_jobs	charge_insurance	decimal	0
ja_jobs	charge_outstation	decimal	0
ja_jobs	charge_scaffold	decimal	0
ja_jobs	charge_door	decimal	0
ja_jobs	charge_counterweight	decimal	0
ja_jobs	charge_fabric	decimal	0
ja_jobs	charge_peeping_hole	decimal	0
ja_jobs	charge_others	decimal	0
ja_jobs	charge_skirting	decimal	0
ja_jobs	cidb_status	varchar	32
ja_jobs	cidb_submitted_date	date	0
ja_jobs	cidb_reference	varchar	255
ja_jobs	cidb_submitted_by	varchar	255
ja_jobs	quotation_no	varchar	64
ja_jobs	project_remarks	text	65535
ja_jobs	client_address	text	65535
ja_jobs	client_reg_no	varchar	64
ja_jobs	line_items	longtext	4294967295
ja_lookups	id	bigint	0
ja_lookups	type	varchar	32
ja_lookups	value	varchar	255
ja_lorries	id	varchar	64
ja_lorries	plate	varchar	32
ja_mall_states	id	bigint	0
ja_mall_states	mall	varchar	255
ja_mall_states	state	varchar	64
ja_shift_conflict_reviews	id	varchar	128
ja_shift_conflict_reviews	worker_id	varchar	64
ja_shift_conflict_reviews	worker_name	varchar	255
ja_shift_conflict_reviews	date	date	0
ja_shift_conflict_reviews	category	varchar	32
ja_shift_conflict_reviews	shift_ids	longtext	4294967295
ja_shift_conflict_reviews	status	varchar	32
ja_shift_conflict_reviews	reviewer_note	text	65535
ja_shift_conflict_reviews	reviewed_by	varchar	255
ja_shift_conflict_reviews	reviewed_at	datetime	0
ja_shift_conflict_reviews	created_at	datetime	0
ja_states	state	varchar	64
ja_states	wk_mult	decimal	0
ja_states	wk_allow	decimal	0
ja_states	inhouse_inc	decimal	0
ja_states	outsource_rate	decimal	0
ja_supervisors	id	varchar	64
ja_supervisors	name	varchar	255
ja_supervisors	type	varchar	64
ja_vehicle_log	id	varchar	64
ja_vehicle_log	date	date	0
ja_vehicle_log	lorry_id	varchar	64
ja_vehicle_log	shift	varchar	32
ja_vehicle_log	depart_hg	varchar	16
ja_vehicle_log	return_hg	varchar	16
ja_vehicle_log	next_day_return	tinyint	0
ja_vehicle_log	notes	text	65535
ja_vehicle_log	trip_details	text	65535
ja_vehicle_log	created_at	datetime	0
ja_vehicle_log	created_by	varchar	255
ja_wage_adjustments	id	varchar	128
ja_wage_adjustments	worker_id	varchar	64
ja_wage_adjustments	worker_name	varchar	255
ja_wage_adjustments	date	date	0
ja_wage_adjustments	category	varchar	32
ja_wage_adjustments	original_amount	decimal	0
ja_wage_adjustments	adjusted_amount	decimal	0
ja_wage_adjustments	delta	decimal	0
ja_wage_adjustments	reason	text	65535
ja_wage_adjustments	adjusted_by	varchar	255
ja_wage_adjustments	adjusted_at	datetime	0
ja_workers	id	varchar	64
ja_workers	name	varchar	255
ja_workers	rate	decimal	0
ja_workers	team	varchar	64
ja_workers	monthly_pay	decimal	0
ja_workers	bank_name	varchar	255
ja_workers	account_name	varchar	255
ja_workers	account_no	varchar	64
jcr_reports	id	bigint	0
jcr_reports	submitted_at	datetime	0
jcr_reports	job_date	date	0
jcr_reports	lot_number	varchar	255
jcr_reports	trade_name	varchar	255
jcr_reports	mall_site	varchar	255
jcr_reports	job_scope	varchar	255
jcr_reports	status	varchar	64
jcr_reports	client	varchar	255
jcr_reports	reference	varchar	255
jcr_reports	lorry_no	varchar	64
jcr_reports	lorry_code	varchar	64
jcr_reports	supervisor	varchar	255
jcr_reports	hoarding_workers	text	65535
jcr_reports	visual_supervisor	varchar	255
jcr_reports	visual_workers	text	65535
jcr_reports	hoarding_type	varchar	255
jcr_reports	panel	varchar	255
jcr_reports	door	varchar	255
jcr_reports	counterweight	varchar	255
jcr_reports	floor_protection	varchar	255
jcr_reports	fabric	varchar	255
jcr_reports	visual_material	varchar	255
jcr_reports	skirting	varchar	255
jcr_reports	photo_count	int	0
jcr_reports	remarks	text	65535
jcr_reports	drive_folder	varchar	512
jcr_reports	pdf_report	varchar	512
jcr_reports	submitted_by	varchar	255
jcr_reports	other_workers	text	65535
jcr_reports	other_materials	text	65535
jcr_reports	report_type	varchar	64
jcr_reports	acknowledgement	varchar	255
lry_alarms	alarm_type	varchar	81
lry_alarms	ref	varchar	513
lry_alarms	detail	varchar	320
lry_alarms	due_date	date	0
lry_alarms	recipient	mediumtext	16777215
lry_cartrack_trips	id	varchar	64
lry_cartrack_trips	plate	varchar	255
lry_cartrack_trips	start_time	datetime	0
lry_cartrack_trips	end_time	datetime	0
lry_cartrack_trips	start_location	varchar	255
lry_cartrack_trips	end_location	varchar	255
lry_cartrack_trips	distance_km	decimal	0
lry_cartrack_trips	duration_hms	varchar	64
lry_cartrack_trips	speeding	decimal	0
lry_cartrack_trips	braking	decimal	0
lry_cartrack_trips	acceleration	decimal	0
lry_cartrack_trips	cornering	decimal	0
lry_cartrack_trips	idling	decimal	0
lry_cartrack_trips	source	varchar	255
lry_cartrack_trips	uploaded_by	varchar	255
lry_cartrack_trips	uploaded_at	datetime	0
lry_compliance_logs	id	char	36
lry_compliance_logs	plate	varchar	255
lry_compliance_logs	type	varchar	64
lry_compliance_logs	status	varchar	64
lry_compliance_logs	issued_date	date	0
lry_compliance_logs	expiry_date	date	0
lry_compliance_logs	amount_rm	decimal	0
lry_compliance_logs	coverage_rm	decimal	0
lry_compliance_logs	insurer	varchar	255
lry_compliance_logs	policy_number	varchar	255
lry_compliance_logs	agency_name	varchar	255
lry_compliance_logs	agency_charges_rm	decimal	0
lry_compliance_logs	notes	text	65535
lry_compliance_logs	main_doc_paths	longtext	4294967295
lry_compliance_logs	receipt_paths	longtext	4294967295
lry_compliance_logs	agent_invoice_paths	longtext	4294967295
lry_compliance_logs	payment_slip_paths	longtext	4294967295
lry_compliance_logs	renewed_by_id	varchar	64
lry_compliance_logs	prev_id	varchar	64
lry_compliance_logs	payment_ref	varchar	255
lry_compliance_logs	paid_date	date	0
lry_compliance_logs	ref_no	varchar	255
lry_compliance_logs	issue_date	date	0
lry_compliance_logs	doc_url	varchar	512
lry_compliance_logs	created_by	varchar	255
lry_compliance_logs	created_at	datetime	0
lry_compliance_logs	updated_by	varchar	255
lry_compliance_logs	updated_at	datetime	0
lry_drivers	id	char	36
lry_drivers	name	varchar	255
lry_drivers	ic_number	varchar	64
lry_drivers	staff_id	varchar	64
lry_drivers	phone	varchar	64
lry_drivers	email	varchar	255
lry_drivers	active	tinyint	0
lry_drivers	license_class	varchar	64
lry_drivers	license_number	varchar	64
lry_drivers	license_issue_date	date	0
lry_drivers	license_expiry_date	date	0
lry_drivers	gdl_expiry_date	date	0
lry_drivers	address	varchar	255
lry_drivers	emergency_contact_name	varchar	255
lry_drivers	emergency_contact_phone	varchar	64
lry_drivers	hire_date	date	0
lry_drivers	assigned_plate	varchar	255
lry_drivers	status	varchar	64
lry_drivers	notes	text	65535
lry_drivers	photo_path	varchar	512
lry_drivers	license_doc_paths	longtext	4294967295
lry_drivers	ic_doc_paths	longtext	4294967295
lry_drivers	category	varchar	64
lry_drivers	ic	varchar	64
lry_drivers	license_expiry	date	0
lry_drivers	gdl_expiry	date	0
lry_drivers	assigned_vehicle	varchar	255
lry_drivers	notes_legacy	text	65535
lry_drivers	keyed_by	varchar	255
lry_drivers	license_doc	varchar	512
lry_drivers	passport_photo	varchar	512
lry_drivers	ic_doc	varchar	512
lry_drivers	license_renewal_doc	varchar	512
lry_drivers	license_url	varchar	512
lry_drivers	ic_url	varchar	512
lry_drivers	created_by	varchar	255
lry_drivers	created_at	datetime	0
lry_drivers	updated_by	varchar	255
lry_drivers	updated_at	datetime	0
lry_fuel_logs	id	char	36
lry_fuel_logs	date	date	0
lry_fuel_logs	plate	varchar	255
lry_fuel_logs	odometer	decimal	0
lry_fuel_logs	litres	decimal	0
lry_fuel_logs	amount_rm	decimal	0
lry_fuel_logs	station	varchar	255
lry_fuel_logs	paid_by	varchar	255
lry_fuel_logs	driver	varchar	255
lry_fuel_logs	notes	text	65535
lry_fuel_logs	pump_photo_path	varchar	512
lry_fuel_logs	receipt_photo_path	varchar	512
lry_fuel_logs	time	varchar	64
lry_fuel_logs	card	varchar	255
lry_fuel_logs	site	varchar	255
lry_fuel_logs	product	varchar	255
lry_fuel_logs	ppl	decimal	0
lry_fuel_logs	amount	decimal	0
lry_fuel_logs	odo	decimal	0
lry_fuel_logs	is_subsidy	tinyint	0
lry_fuel_logs	source	varchar	255
lry_fuel_logs	uploaded_by	varchar	255
lry_fuel_logs	uploaded_at	datetime	0
lry_fuel_logs	created_by	varchar	255
lry_fuel_logs	created_at	datetime	0
lry_fuel_logs	updated_by	varchar	255
lry_fuel_logs	updated_at	datetime	0
lry_import_log	id	varchar	64
lry_import_log	file	varchar	255
lry_import_log	type	varchar	64
lry_import_log	rows	int	0
lry_import_log	info	text	65535
lry_import_log	imported_at	datetime	0
lry_import_log	keyed_by	varchar	255
lry_import_log	notes	text	65535
lry_incident_logs	id	char	36
lry_incident_logs	date	date	0
lry_incident_logs	time	varchar	64
lry_incident_logs	plate	varchar	255
lry_incident_logs	driver_name	varchar	255
lry_incident_logs	location	varchar	255
lry_incident_logs	location_gps	varchar	255
lry_incident_logs	type	varchar	64
lry_incident_logs	collision_type	varchar	64
lry_incident_logs	collision_other	varchar	255
lry_incident_logs	third_party_plates	varchar	255
lry_incident_logs	third_party_name	varchar	255
lry_incident_logs	third_party_contact	varchar	255
lry_incident_logs	third_party_insurer	varchar	255
lry_incident_logs	fault_party	varchar	64
lry_incident_logs	details	text	65535
lry_incident_logs	damaged_asset	varchar	255
lry_incident_logs	witnesses	varchar	255
lry_incident_logs	towed	varchar	64
lry_incident_logs	tow_company	varchar	255
lry_incident_logs	tow_cost_rm	decimal	0
lry_incident_logs	injury_any	tinyint	0
lry_incident_logs	injury_action	varchar	64
lry_incident_logs	injured_person_name	varchar	255
lry_incident_logs	hospital_name	varchar	255
lry_incident_logs	injury_details	text	65535
lry_incident_logs	police_report_status	varchar	64
lry_incident_logs	police_report_number	varchar	255
lry_incident_logs	police_station	varchar	255
lry_incident_logs	follow_up_needed	tinyint	0
lry_incident_logs	follow_up_notes	text	65535
lry_incident_logs	incident_photo_paths	longtext	4294967295
lry_incident_logs	police_report_paths	longtext	4294967295
lry_incident_logs	quotation_paths	longtext	4294967295
lry_incident_logs	compensation_paid_rm	decimal	0
lry_incident_logs	compensation_paid_to	varchar	255
lry_incident_logs	compensation_paid_paths	longtext	4294967295
lry_incident_logs	compensation_received_rm	decimal	0
lry_incident_logs	compensation_received_from	varchar	255
lry_incident_logs	compensation_received_paths	longtext	4294967295
lry_incident_logs	insurance_claim_filed	tinyint	0
lry_incident_logs	insurance_company	varchar	255
lry_incident_logs	claim_number	varchar	255
lry_incident_logs	claim_amount_rm	decimal	0
lry_incident_logs	claim_status	varchar	64
lry_incident_logs	repair_action	varchar	64
lry_incident_logs	linked_maint_id	varchar	64
lry_incident_logs	status	varchar	64
lry_incident_logs	notes	text	65535
lry_incident_logs	driver	varchar	255
lry_incident_logs	description	text	65535
lry_incident_logs	damage_rm	decimal	0
lry_incident_logs	doc_url	varchar	512
lry_incident_logs	created_by	varchar	255
lry_incident_logs	created_at	datetime	0
lry_incident_logs	updated_by	varchar	255
lry_incident_logs	updated_at	datetime	0
lry_invoices	id	varchar	64
lry_invoices	category	varchar	255
lry_invoices	vendor	varchar	255
lry_invoices	invoice_no	varchar	255
lry_invoices	invoice_date	date	0
lry_invoices	plate	varchar	255
lry_invoices	description	text	65535
lry_invoices	subtotal_rm	decimal	0
lry_invoices	tax_rm	decimal	0
lry_invoices	total_rm	decimal	0
lry_invoices	mileage_km	decimal	0
lry_invoices	weight_tonnes	decimal	0
lry_invoices	coverage_period	varchar	255
lry_invoices	warranty	varchar	255
lry_invoices	drive_file_id	varchar	512
lry_invoices	drive_url	varchar	512
lry_invoices	status	varchar	64
lry_invoices	notes	text	65535
lry_invoices	created_by	varchar	255
lry_invoices	created_at	datetime	0
lry_invoices	updated_by	varchar	255
lry_invoices	updated_at	datetime	0
lry_invoice_line_items	id	varchar	64
lry_invoice_line_items	invoice_id	varchar	64
lry_invoice_line_items	line_no	int	0
lry_invoice_line_items	description	text	65535
lry_invoice_line_items	qty	decimal	0
lry_invoice_line_items	unit_price_rm	decimal	0
lry_invoice_line_items	tax_rate_str	varchar	64
lry_invoice_line_items	amount_rm	decimal	0
lry_maint_logs	id	char	36
lry_maint_logs	date	date	0
lry_maint_logs	plate	varchar	255
lry_maint_logs	odometer	decimal	0
lry_maint_logs	type	varchar	64
lry_maint_logs	items_replaced	text	65535
lry_maint_logs	workshop	varchar	255
lry_maint_logs	cost_rm	decimal	0
lry_maint_logs	next_service_km	decimal	0
lry_maint_logs	next_service_date	date	0
lry_maint_logs	notes	text	65535
lry_maint_logs	receipt_photo_id	varchar	512
lry_maint_logs	receipt_photo_paths	longtext	4294967295
lry_maint_logs	line_items	longtext	4294967295
lry_maint_logs	sub_total	decimal	0
lry_maint_logs	taxable	tinyint	0
lry_maint_logs	tax_rate	decimal	0
lry_maint_logs	tax_amount	decimal	0
lry_maint_logs	discount_amount	decimal	0
lry_maint_logs	before_photo_paths	longtext	4294967295
lry_maint_logs	after_photo_paths	longtext	4294967295
lry_maint_logs	payment_slip_paths	longtext	4294967295
lry_maint_logs	payment_ref	varchar	255
lry_maint_logs	paid_date	date	0
lry_maint_logs	invoice_number	varchar	255
lry_maint_logs	paid_rm	decimal	0
lry_maint_logs	created_by	varchar	255
lry_maint_logs	created_at	datetime	0
lry_maint_logs	updated_by	varchar	255
lry_maint_logs	updated_at	datetime	0
lry_shell_subsidy_summary	id	varchar	64
lry_shell_subsidy_summary	invoice_no	varchar	255
lry_shell_subsidy_summary	invoice_date	date	0
lry_shell_subsidy_summary	account_no	varchar	255
lry_shell_subsidy_summary	gross_fuel_rm	decimal	0
lry_shell_subsidy_summary	subsidy_rm	decimal	0
lry_shell_subsidy_summary	net_rm	decimal	0
lry_shell_subsidy_summary	uploaded_by	varchar	255
lry_shell_subsidy_summary	uploaded_at	datetime	0
lry_summon_logs	id	char	36
lry_summon_logs	summon_number	varchar	255
lry_summon_logs	issued_date	date	0
lry_summon_logs	issued_by	varchar	255
lry_summon_logs	plate	varchar	255
lry_summon_logs	driver_name	varchar	255
lry_summon_logs	driver_id	varchar	64
lry_summon_logs	location	varchar	255
lry_summon_logs	offence_type	varchar	255
lry_summon_logs	offence_details	text	65535
lry_summon_logs	fine_rm	decimal	0
lry_summon_logs	discount_rm	decimal	0
lry_summon_logs	discount_deadline	date	0
lry_summon_logs	payment_deadline	date	0
lry_summon_logs	status	varchar	64
lry_summon_logs	paid_rm	decimal	0
lry_summon_logs	paid_date	date	0
lry_summon_logs	payment_ref	varchar	255
lry_summon_logs	payment_proof_paths	longtext	4294967295
lry_summon_logs	court_date	date	0
lry_summon_logs	responsible_party	varchar	64
lry_summon_logs	notes	text	65535
lry_summon_logs	summon_copy_paths	longtext	4294967295
lry_summon_logs	offence_no	varchar	255
lry_summon_logs	offence_date	date	0
lry_summon_logs	offence	varchar	255
lry_summon_logs	amount_rm	decimal	0
lry_summon_logs	deadline	date	0
lry_summon_logs	doc_url	varchar	512
lry_summon_logs	created_by	varchar	255
lry_summon_logs	created_at	datetime	0
lry_summon_logs	updated_by	varchar	255
lry_summon_logs	updated_at	datetime	0
lry_toll_park_logs	id	char	36
lry_toll_park_logs	date	date	0
lry_toll_park_logs	plate	varchar	255
lry_toll_park_logs	type	varchar	64
lry_toll_park_logs	amount_rm	decimal	0
lry_toll_park_logs	location	varchar	255
lry_toll_park_logs	paid_by	varchar	255
lry_toll_park_logs	driver	varchar	255
lry_toll_park_logs	job_ref	varchar	255
lry_toll_park_logs	duration	varchar	255
lry_toll_park_logs	notes	text	65535
lry_toll_park_logs	receipt_photo_path	varchar	512
lry_toll_park_logs	time	varchar	64
lry_toll_park_logs	card	varchar	255
lry_toll_park_logs	category	varchar	255
lry_toll_park_logs	entry	varchar	255
lry_toll_park_logs	exit	varchar	255
lry_toll_park_logs	amount	decimal	0
lry_toll_park_logs	source	varchar	255
lry_toll_park_logs	uploaded_by	varchar	255
lry_toll_park_logs	uploaded_at	datetime	0
lry_toll_park_logs	created_by	varchar	255
lry_toll_park_logs	created_at	datetime	0
lry_toll_park_logs	updated_by	varchar	255
lry_toll_park_logs	updated_at	datetime	0
lry_vehicles	id	char	36
lry_vehicles	plate	varchar	255
lry_vehicles	vehicle_code	varchar	64
lry_vehicles	model	varchar	255
lry_vehicles	year	int	0
lry_vehicles	active	tinyint	0
lry_vehicles	notes	text	65535
lry_vehicles	vehicle_card_path	varchar	512
lry_vehicles	vehicle_type	varchar	64
lry_vehicles	keyed_by	varchar	255
lry_vehicles	doc_link	varchar	512
lry_vehicles	reg_date	date	0
lry_vehicles	status	varchar	64
lry_vehicles	driver	varchar	255
lry_vehicles	reg_card_url	varchar	512
lry_vehicles	created_by	varchar	255
lry_vehicles	created_at	datetime	0
lry_vehicles	updated_by	varchar	255
lry_vehicles	updated_at	datetime	0
malls	id	char	36
malls	name	varchar	255
malls	code	varchar	64
malls	location	varchar	255
malls	notes	text	65535
mp_categories	id	char	36
mp_categories	name	varchar	255
mp_categories	sort	int	0
mp_categories	created_at	datetime	0
mp_hoarding_lines	id	char	36
mp_hoarding_lines	date	date	0
mp_hoarding_lines	mall	varchar	255
mp_hoarding_lines	lot_no	varchar	255
mp_hoarding_lines	tenant	varchar	255
mp_hoarding_lines	line_type	varchar	255
mp_hoarding_lines	cost_type	varchar	255
mp_hoarding_lines	description	text	65535
mp_hoarding_lines	size	varchar	255
mp_hoarding_lines	length	decimal	0
mp_hoarding_lines	height	decimal	0
mp_hoarding_lines	qty	decimal	0
mp_hoarding_lines	uom	varchar	64
mp_hoarding_lines	total_size	decimal	0
mp_hoarding_lines	rate_mall	decimal	0
mp_hoarding_lines	amount_mall	decimal	0
mp_hoarding_lines	rate_contractor	decimal	0
mp_hoarding_lines	amount_contractor	decimal	0
mp_hoarding_lines	rate_tenant	decimal	0
mp_hoarding_lines	amount_tenant	decimal	0
mp_hoarding_lines	drawing_file_id	varchar	512
mp_hoarding_lines	created_by	varchar	255
mp_hoarding_lines	created_at	datetime	0
mp_job_categories	id	char	36
mp_job_categories	name	varchar	255
mp_job_categories	sort	int	0
mp_job_categories	created_at	datetime	0
mp_malls	id	char	36
mp_malls	name	varchar	255
mp_malls	code	varchar	64
mp_malls	uom	varchar	64
mp_malls	group	varchar	255
mp_malls	location	varchar	255
mp_malls	notes	text	65535
mp_malls	added_by	varchar	255
mp_malls	created_at	datetime	0
mp_measure_requests	id	char	36
mp_measure_requests	req_date	date	0
mp_measure_requests	requestor	varchar	255
mp_measure_requests	mall	varchar	255
mp_measure_requests	lot_no	varchar	255
mp_measure_requests	client	varchar	255
mp_measure_requests	work_type	varchar	255
mp_measure_requests	assigned_to	varchar	255
mp_measure_requests	remarks	text	65535
mp_measure_requests	ref_photos	text	65535
mp_measure_requests	purpose	varchar	64
mp_measure_requests	status	varchar	64
mp_measure_requests	quote_sent_on	date	0
mp_measure_requests	notes	text	65535
mp_measure_requests	updated_by	varchar	255
mp_measure_requests	updated_at	datetime	0
mp_measure_requests	created_at	datetime	0
mp_measure_types	id	char	36
mp_measure_types	name	varchar	255
mp_measure_types	sort	int	0
mp_measure_types	created_at	datetime	0
mp_panels	id	char	36
mp_panels	name	varchar	255
mp_panels	pic	varchar	255
mp_panels	phone	varchar	64
mp_panels	email	varchar	255
mp_panels	notes	text	65535
mp_panels	updated_by	varchar	255
mp_panels	updated_at	datetime	0
mp_panels	created_at	datetime	0
mp_panel_rates	id	char	36
mp_panel_rates	panel	varchar	255
mp_panel_rates	job_category	varchar	255
mp_panel_rates	mall	varchar	255
mp_panel_rates	rate_basis	varchar	255
mp_panel_rates	price_from	decimal	0
mp_panel_rates	price_to	decimal	0
mp_panel_rates	lot_size_ref	varchar	255
mp_panel_rates	engaged_on	varchar	255
mp_panel_rates	notes	text	65535
mp_panel_rates	updated_by	varchar	255
mp_panel_rates	updated_at	datetime	0
mp_panel_rates	created_at	datetime	0
mp_rate_basis	id	char	36
mp_rate_basis	name	varchar	255
mp_rate_basis	sort	int	0
mp_rate_basis	created_at	datetime	0
mp_requirements	id	char	36
mp_requirements	mall	varchar	255
mp_requirements	category	varchar	255
mp_requirements	requirement	varchar	255
mp_requirements	type	varchar	255
mp_requirements	value	text	65535
mp_requirements	shop_type	varchar	255
mp_requirements	notes	text	65535
mp_requirements	sort	int	0
mp_requirements	updated_by	varchar	255
mp_requirements	updated_at	datetime	0
mp_requirements	created_at	datetime	0
mp_requirement_types	id	char	36
mp_requirement_types	category	varchar	255
mp_requirement_types	name	varchar	255
mp_requirement_types	sort	int	0
mp_requirement_types	created_at	datetime	0
mp_shop_types	id	char	36
mp_shop_types	name	varchar	255
mp_shop_types	sort	int	0
mp_shop_types	created_at	datetime	0
mp_sketches	id	char	36
mp_sketches	mall	varchar	255
mp_sketches	code	varchar	64
mp_sketches	lot_no	varchar	255
mp_sketches	shop_type	varchar	255
mp_sketches	version	int	0
mp_sketches	file_name	varchar	255
mp_sketches	storage_path	varchar	512
mp_sketches	mime_type	varchar	255
mp_sketches	file_url	varchar	512
mp_sketches	file_id	varchar	512
mp_sketches	folder_url	varchar	512
mp_sketches	remarks	text	65535
mp_sketches	uploaded_by	varchar	255
mp_sketches	created_at	datetime	0
mp_swms_equipment	id	char	36
mp_swms_equipment	service	varchar	255
mp_swms_equipment	equipment	varchar	255
mp_swms_equipment	purpose	varchar	255
mp_swms_equipment	sort	int	0
mp_swms_equipment	created_at	datetime	0
mp_swms_ppe	id	char	36
mp_swms_ppe	service	varchar	255
mp_swms_ppe	ppe	varchar	255
mp_swms_ppe	sort	int	0
mp_swms_ppe	created_at	datetime	0
mp_swms_services	id	char	36
mp_swms_services	name	varchar	255
mp_swms_services	sort	int	0
mp_swms_services	created_at	datetime	0
mp_swms_steps	id	char	36
mp_swms_steps	service	varchar	255
mp_swms_steps	step_no	int	0
mp_swms_steps	job_step	text	65535
mp_swms_steps	method	text	65535
mp_swms_steps	hazards	text	65535
mp_swms_steps	impacts	text	65535
mp_swms_steps	existing_controls	text	65535
mp_swms_steps	impact	int	0
mp_swms_steps	likelihood	int	0
mp_swms_steps	additional_controls	text	65535
mp_swms_steps	sort	int	0
mp_swms_steps	created_at	datetime	0
mp_team_members	id	char	36
mp_team_members	name	varchar	255
mp_team_members	sort	int	0
mp_team_members	created_at	datetime	0
mp_types	id	char	36
mp_types	category	varchar	255
mp_types	name	varchar	255
mp_types	sort	int	0
mp_types	created_at	datetime	0
pl_audit_log	id	bigint	0
pl_audit_log	at	datetime	0
pl_audit_log	user_email	varchar	255
pl_audit_log	action	varchar	255
pl_audit_log	record_type	varchar	64
pl_audit_log	record_id	varchar	512
pl_audit_log	details	text	65535
pl_buildings	id	char	36
pl_buildings	name	varchar	255
pl_buildings	address	varchar	255
pl_buildings	notes	text	65535
pl_buildings	created_at	datetime	0
pl_buildings	created_by	varchar	255
pl_buildings	updated_at	datetime	0
pl_buildings	updated_by	varchar	255
pl_client_payments	id	char	36
pl_client_payments	project_id	char	36
pl_client_payments	payment_date	date	0
pl_client_payments	amount	decimal	0
pl_client_payments	reference	varchar	255
pl_client_payments	slip_url	varchar	512
pl_client_payments	notes	text	65535
pl_client_payments	created_at	datetime	0
pl_client_payments	created_by	varchar	255
pl_credit_notes	id	char	36
pl_credit_notes	project_id	char	36
pl_credit_notes	type	varchar	32
pl_credit_notes	credit_note_number	varchar	64
pl_credit_notes	credit_note_date	date	0
pl_credit_notes	amount	decimal	0
pl_credit_notes	reason	text	65535
pl_credit_notes	status	varchar	64
pl_credit_notes	bank_name	varchar	255
pl_credit_notes	bank_account_name	varchar	255
pl_credit_notes	bank_account_number	varchar	64
pl_credit_notes	refund_paid_date	date	0
pl_credit_notes	credit_note_url	varchar	512
pl_credit_notes	notes	text	65535
pl_credit_notes	created_at	datetime	0
pl_credit_notes	created_by	varchar	255
pl_credit_notes	updated_at	datetime	0
pl_credit_notes	updated_by	varchar	255
pl_daily_reports	id	char	36
pl_daily_reports	project_id	char	36
pl_daily_reports	report_date	date	0
pl_daily_reports	title	varchar	255
pl_daily_reports	report_url	varchar	512
pl_daily_reports	notes	text	65535
pl_daily_reports	created_at	datetime	0
pl_daily_reports	created_by	varchar	255
pl_daily_reports	updated_at	datetime	0
pl_daily_reports	updated_by	varchar	255
pl_divisions	id	char	36
pl_divisions	name	varchar	255
pl_divisions	head	varchar	255
pl_divisions	contact_number	varchar	64
pl_divisions	notes	text	65535
pl_divisions	created_at	datetime	0
pl_divisions	created_by	varchar	255
pl_divisions	updated_at	datetime	0
pl_divisions	updated_by	varchar	255
pl_job_scopes	id	char	36
pl_job_scopes	project_id	char	36
pl_job_scopes	description	text	65535
pl_job_scopes	qty	decimal	0
pl_job_scopes	unit	varchar	32
pl_job_scopes	client_rate	decimal	0
pl_job_scopes	client_amount	decimal	0
pl_job_scopes	performed_by	varchar	32
pl_job_scopes	subcon_id	char	36
pl_job_scopes	subcon_name	varchar	255
pl_job_scopes	subcon_rate	decimal	0
pl_job_scopes	subcon_amount	decimal	0
pl_job_scopes	division_id	char	36
pl_job_scopes	division_name	varchar	255
pl_job_scopes	internal_cost	decimal	0
pl_job_scopes	cost_confirmation	varchar	32
pl_job_scopes	subcon_invoice_number	varchar	64
pl_job_scopes	subcon_invoice_date	date	0
pl_job_scopes	subcon_invoice_url	varchar	512
pl_job_scopes	completion_report_url	varchar	512
pl_job_scopes	supporting_docs_url	varchar	512
pl_job_scopes	job_status	varchar	64
pl_job_scopes	client_payment_status	varchar	64
pl_job_scopes	notes	text	65535
pl_job_scopes	created_at	datetime	0
pl_job_scopes	created_by	varchar	255
pl_job_scopes	updated_at	datetime	0
pl_job_scopes	updated_by	varchar	255
pl_lookups	id	char	36
pl_lookups	type	varchar	64
pl_lookups	value	varchar	255
pl_lookups	sort_order	decimal	0
pl_lookups	created_at	datetime	0
pl_lookups	created_by	varchar	255
pl_lookups	updated_at	datetime	0
pl_lookups	updated_by	varchar	255
pl_manpower	id	char	36
pl_manpower	project_id	char	36
pl_manpower	job_scope_id	char	36
pl_manpower	worker_type	varchar	32
pl_manpower	worker_id	char	36
pl_manpower	worker_name	varchar	255
pl_manpower	work_date	date	0
pl_manpower	duration_days	decimal	0
pl_manpower	rate	decimal	0
pl_manpower	total_cost	decimal	0
pl_manpower	notes	text	65535
pl_manpower	created_at	datetime	0
pl_manpower	created_by	varchar	255
pl_manpower	updated_at	datetime	0
pl_manpower	updated_by	varchar	255
pl_materials	id	char	36
pl_materials	project_id	char	36
pl_materials	job_scope_id	char	36
pl_materials	item_id	char	36
pl_materials	item_name	varchar	255
pl_materials	qty	decimal	0
pl_materials	unit	varchar	32
pl_materials	unit_cost	decimal	0
pl_materials	total_cost	decimal	0
pl_materials	supplier_id	char	36
pl_materials	supplier_name	varchar	255
pl_materials	po_number	varchar	64
pl_materials	invoice_number	varchar	64
pl_materials	invoice_date	date	0
pl_materials	invoice_url	varchar	512
pl_materials	delivery_order_url	varchar	512
pl_materials	material_photos_url	varchar	512
pl_materials	notes	text	65535
pl_materials	material_source	varchar	32
pl_materials	charged_to_subcon_id	char	36
pl_materials	charged_to_subcon_name	varchar	255
pl_materials	created_at	datetime	0
pl_materials	created_by	varchar	255
pl_materials	updated_at	datetime	0
pl_materials	updated_by	varchar	255
pl_material_items	id	char	36
pl_material_items	name	varchar	255
pl_material_items	default_unit	varchar	32
pl_material_items	notes	text	65535
pl_material_items	created_at	datetime	0
pl_material_items	created_by	varchar	255
pl_material_items	updated_at	datetime	0
pl_material_items	updated_by	varchar	255
pl_projects	id	char	36
pl_projects	code	varchar	64
pl_projects	category	varchar	255
pl_projects	sub_category	varchar	255
pl_projects	client_id	char	36
pl_projects	client_name	varchar	255
pl_projects	building_id	char	36
pl_projects	building_name	varchar	255
pl_projects	address	varchar	255
pl_projects	lot_number	varchar	64
pl_projects	supervisor_ids	text	65535
pl_projects	supervisor_name	varchar	255
pl_projects	po_number	varchar	64
pl_projects	invoice_number	varchar	64
pl_projects	invoice_date	date	0
pl_projects	invoice_amount	decimal	0
pl_projects	client_invoice_url	varchar	512
pl_projects	discount	decimal	0
pl_projects	adjustment	decimal	0
pl_projects	sst_applicable	tinyint	0
pl_projects	sst_rate	decimal	0
pl_projects	parent_project_id	char	36
pl_projects	is_in_house	tinyint	0
pl_projects	start_date	date	0
pl_projects	end_date	date	0
pl_projects	duration_days	decimal	0
pl_projects	status	varchar	64
pl_projects	notes	text	65535
pl_projects	created_at	datetime	0
pl_projects	created_by	varchar	255
pl_projects	updated_at	datetime	0
pl_projects	updated_by	varchar	255
pl_project_photos	id	char	36
pl_project_photos	project_id	char	36
pl_project_photos	kind	varchar	32
pl_project_photos	photo_url	varchar	512
pl_project_photos	caption	varchar	255
pl_project_photos	taken_date	date	0
pl_project_photos	created_at	datetime	0
pl_project_photos	created_by	varchar	255
pl_project_photos	updated_at	datetime	0
pl_project_photos	updated_by	varchar	255
pl_subcons	id	char	36
pl_subcons	name	varchar	255
pl_subcons	trade	varchar	255
pl_subcons	contact_person	varchar	255
pl_subcons	contact_number	varchar	64
pl_subcons	notes	text	65535
pl_subcons	created_at	datetime	0
pl_subcons	created_by	varchar	255
pl_subcons	updated_at	datetime	0
pl_subcons	updated_by	varchar	255
pl_subcon_charges	id	char	36
pl_subcon_charges	project_id	char	36
pl_subcon_charges	subcon_id	char	36
pl_subcon_charges	subcon_name	varchar	255
pl_subcon_charges	lump_amount	decimal	0
pl_subcon_charges	job_scope_ids	text	65535
pl_subcon_charges	invoice_number	varchar	64
pl_subcon_charges	invoice_date	date	0
pl_subcon_charges	invoice_url	varchar	512
pl_subcon_charges	completion_report_url	varchar	512
pl_subcon_charges	supporting_docs_url	varchar	512
pl_subcon_charges	notes	text	65535
pl_subcon_charges	created_at	datetime	0
pl_subcon_charges	created_by	varchar	255
pl_subcon_charges	updated_at	datetime	0
pl_subcon_charges	updated_by	varchar	255
pl_subcon_payments	id	char	36
pl_subcon_payments	project_id	char	36
pl_subcon_payments	job_scope_id	char	36
pl_subcon_payments	subcon_id	char	36
pl_subcon_payments	subcon_name	varchar	255
pl_subcon_payments	payment_date	date	0
pl_subcon_payments	amount	decimal	0
pl_subcon_payments	reference	varchar	255
pl_subcon_payments	slip_url	varchar	512
pl_subcon_payments	notes	text	65535
pl_subcon_payments	created_at	datetime	0
pl_subcon_payments	created_by	varchar	255
pl_supervisors	id	char	36
pl_supervisors	name	varchar	255
pl_supervisors	role	varchar	255
pl_supervisors	contact_number	varchar	64
pl_supervisors	notes	text	65535
pl_supervisors	created_at	datetime	0
pl_supervisors	created_by	varchar	255
pl_supervisors	updated_at	datetime	0
pl_supervisors	updated_by	varchar	255
pl_suppliers	id	char	36
pl_suppliers	name	varchar	255
pl_suppliers	category	varchar	255
pl_suppliers	contact_person	varchar	255
pl_suppliers	contact_number	varchar	64
pl_suppliers	address	varchar	255
pl_suppliers	notes	text	65535
pl_suppliers	created_at	datetime	0
pl_suppliers	created_by	varchar	255
pl_suppliers	updated_at	datetime	0
pl_suppliers	updated_by	varchar	255
pl_supplier_payments	id	char	36
pl_supplier_payments	project_id	char	36
pl_supplier_payments	material_id	char	36
pl_supplier_payments	supplier_id	char	36
pl_supplier_payments	supplier_name	varchar	255
pl_supplier_payments	payment_date	date	0
pl_supplier_payments	amount	decimal	0
pl_supplier_payments	reference	varchar	255
pl_supplier_payments	slip_url	varchar	512
pl_supplier_payments	notes	text	65535
pl_supplier_payments	created_at	datetime	0
pl_supplier_payments	created_by	varchar	255
pl_user_roles	id	char	36
pl_user_roles	email	varchar	255
pl_user_roles	role	varchar	32
pl_user_roles	notes	text	65535
pl_user_roles	created_at	datetime	0
pl_user_roles	created_by	varchar	255
pl_user_roles	updated_at	datetime	0
pl_user_roles	updated_by	varchar	255
pl_workers	id	char	36
pl_workers	name	varchar	255
pl_workers	role	varchar	255
pl_workers	contact_number	varchar	64
pl_workers	notes	text	65535
pl_workers	created_at	datetime	0
pl_workers	created_by	varchar	255
pl_workers	updated_at	datetime	0
pl_workers	updated_by	varchar	255
price_book	id	char	36
price_book	mall	varchar	255
price_book	service	varchar	255
price_book	sub_scope	varchar	255
price_book	item	varchar	255
price_book	unit	varchar	64
price_book	compulsory	tinyint	0
price_book	min_qty	decimal	0
price_book	min_charge	decimal	0
price_book	price_mall	decimal	0
price_book	price_contractor	decimal	0
price_book	price_tenant	decimal	0
price_book	sort	int	0
price_book	notes	text	65535
price_book	updated_by	varchar	255
price_book	updated_at	datetime	0
price_book	calc_type	varchar	255
price_book	calc_param	varchar	255
price_book	link_key	varchar	255
price_book	cond	varchar	255
price_book	def_qty	decimal	0
quotes	id	char	36
quotes	quote_no	varchar	64
quotes	quote_date	date	0
quotes	mall	varchar	255
quotes	client_id	char	36
quotes	client_name	varchar	255
quotes	client_type	varchar	64
quotes	attention	varchar	255
quotes	project	varchar	255
quotes	subtotal	decimal	0
quotes	sst_pct	decimal	0
quotes	sst	decimal	0
quotes	total	decimal	0
quotes	status	varchar	32
quotes	notes	text	65535
quotes	created_by	varchar	255
quotes	created_at	datetime	0
quote_lines	id	char	36
quote_lines	quote_id	char	36
quote_lines	service	varchar	255
quote_lines	sub_scope	varchar	255
quote_lines	item	varchar	255
quote_lines	unit	varchar	64
quote_lines	qty	decimal	0
quote_lines	rate	decimal	0
quote_lines	amount	decimal	0
quote_lines	note	varchar	255
quote_lines	sort	int	0
scf_catalogue	id	char	36
scf_catalogue	code	varchar	64
scf_catalogue	item	varchar	255
scf_catalogue	spec	varchar	255
scf_catalogue	category	varchar	64
scf_catalogue	unit	varchar	64
scf_catalogue	sort	int	0
scf_charges	id	char	36
scf_charges	engagement_id	char	36
scf_charges	type	varchar	64
scf_charges	description	text	65535
scf_charges	qty	decimal	0
scf_charges	unit	varchar	64
scf_charges	rate	decimal	0
scf_charges	basis	varchar	64
scf_charges	amount	decimal	0
scf_charges	invoice_id	char	36
scf_charges	created_by	varchar	255
scf_charges	created_at	datetime	0
scf_engagements	id	char	36
scf_engagements	job_no	varchar	64
scf_engagements	service_type	varchar	64
scf_engagements	scope	varchar	64
scf_engagements	status	varchar	64
scf_engagements	client_company	varchar	255
scf_engagements	client_pic	varchar	255
scf_engagements	client_contact	varchar	255
scf_engagements	client_email	varchar	255
scf_engagements	client_address	varchar	255
scf_engagements	site_name	varchar	255
scf_engagements	site_address	varchar	255
scf_engagements	scaffold_desc	text	65535
scf_engagements	third_party	varchar	255
scf_engagements	pe_no	varchar	64
scf_engagements	pe_endorsed_by	varchar	255
scf_engagements	pe_endorsed_date	date	0
scf_engagements	start_date	date	0
scf_engagements	expected_end_date	date	0
scf_engagements	actual_return_date	date	0
scf_engagements	green_tag	varchar	8
scf_engagements	inspect_interval_days	int	0
scf_engagements	assigned_inspector	varchar	255
scf_engagements	delivery_sign_name	varchar	255
scf_engagements	delivery_sign_date	date	0
scf_engagements	delivery_sign_url	varchar	512
scf_engagements	return_sign_name	varchar	255
scf_engagements	return_sign_date	date	0
scf_engagements	return_sign_url	varchar	512
scf_engagements	photos_site	text	65535
scf_engagements	photos_before	text	65535
scf_engagements	photos_after	text	65535
scf_engagements	photos_collection	text	65535
scf_engagements	photos_defect	text	65535
scf_engagements	handled_by	varchar	255
scf_engagements	remarks	text	65535
scf_engagements	created_by	varchar	255
scf_engagements	created_at	datetime	0
scf_engagements	updated_by	varchar	255
scf_engagements	updated_at	datetime	0
scf_inspections	id	char	36
scf_inspections	engagement_id	char	36
scf_inspections	inspect_date	date	0
scf_inspections	inspector	varchar	255
scf_inspections	inspector_cert_no	varchar	64
scf_inspections	result	varchar	64
scf_inspections	tag_no	varchar	64
scf_inspections	next_due_date	date	0
scf_inspections	findings	text	65535
scf_inspections	photos_url	text	65535
scf_inspections	cert_url	varchar	512
scf_inspections	created_by	varchar	255
scf_inspections	created_at	datetime	0
scf_invoices	id	char	36
scf_invoices	inv_no	varchar	64
scf_invoices	engagement_id	char	36
scf_invoices	client_company	varchar	255
scf_invoices	inv_date	date	0
scf_invoices	due_date	date	0
scf_invoices	description	text	65535
scf_invoices	amount	decimal	0
scf_invoices	sst_enabled	tinyint	0
scf_invoices	sst_amount	decimal	0
scf_invoices	total	decimal	0
scf_invoices	status	varchar	64
scf_invoices	file_url	varchar	512
scf_invoices	file_id	varchar	512
scf_invoices	notes	text	65535
scf_invoices	created_by	varchar	255
scf_invoices	created_at	datetime	0
scf_invoices	updated_at	datetime	0
scf_materials	id	char	36
scf_materials	engagement_id	char	36
scf_materials	code	varchar	64
scf_materials	item	varchar	255
scf_materials	spec	varchar	255
scf_materials	category	varchar	64
scf_materials	unit	varchar	64
scf_materials	qty_out	decimal	0
scf_materials	qty_returned	decimal	0
scf_materials	damage_qty	decimal	0
scf_materials	damage_charge	decimal	0
scf_materials	remarks	text	65535
scf_materials	updated_by	varchar	255
scf_materials	updated_at	datetime	0
scf_payments	id	char	36
scf_payments	invoice_id	char	36
scf_payments	pay_date	date	0
scf_payments	amount	decimal	0
scf_payments	method	varchar	64
scf_payments	reference	varchar	255
scf_payments	received_by	varchar	255
scf_payments	notes	text	65535
scf_payments	created_by	varchar	255
scf_payments	created_at	datetime	0
scf_personnel	id	char	36
scf_personnel	name	varchar	255
scf_personnel	role	varchar	64
scf_personnel	cert_type	varchar	64
scf_personnel	cert_no	varchar	64
scf_personnel	issued_date	date	0
scf_personnel	expiry_date	date	0
scf_personnel	contact	varchar	255
scf_personnel	remarks	text	65535
scf_personnel	updated_at	datetime	0
scf_settings	key	varchar	64
scf_settings	value	text	65535
sci_invoices	id	char	36
sci_invoices	inv_no	varchar	64
sci_invoices	inv_date	date	0
sci_invoices	ref	varchar	255
sci_invoices	issuer_type	varchar	16
sci_invoices	issuer_name	varchar	255
sci_invoices	issuer_ic	varchar	64
sci_invoices	issuer_addr	text	65535
sci_invoices	issuer_phone	varchar	64
sci_invoices	issuer_email	varchar	255
sci_invoices	bill_to_name	varchar	255
sci_invoices	bill_to_addr	text	65535
sci_invoices	subtotal	decimal	0
sci_invoices	sst_enabled	tinyint	0
sci_invoices	sst_amount	decimal	0
sci_invoices	total	decimal	0
sci_invoices	pay_info	text	65535
sci_invoices	notes	text	65535
sci_invoices	pdf_url	varchar	512
sci_invoices	folder_url	varchar	512
sci_invoices	created_by	varchar	255
sci_invoices	created_at	datetime	0
sci_invoice_lines	id	char	36
sci_invoice_lines	invoice_id	char	36
sci_invoice_lines	description	text	65535
sci_invoice_lines	quantity	decimal	0
sci_invoice_lines	unit_price	decimal	0
sci_invoice_lines	line_amount	decimal	0
sci_invoice_lines	sort	int	0
sci_subcons	id	char	36
sci_subcons	type	varchar	16
sci_subcons	name	varchar	255
sci_subcons	ic	varchar	64
sci_subcons	addr	text	65535
sci_subcons	phone	varchar	64
sci_subcons	email	varchar	255
sci_subcons	pay_info	text	65535
sci_subcons	logo_path	varchar	512
sci_subcons	logo_file_id	varchar	512
sci_subcons	updated_at	datetime	0
services	id	char	36
services	name	varchar	255
services	is_extra	tinyint	0
services	sort	int	0
str_alarms	alarm_type	varchar	15
str_alarms	ref	varchar	326
str_alarms	detail	varchar	832
str_alarms	due_date	date	0
str_alarms	recipient	varchar	255
str_config	key	varchar	64
str_config	value	varchar	255
str_invoices	id	char	36
str_invoices	inv_no	varchar	64
str_invoices	rental_id	varchar	64
str_invoices	lot_id	varchar	64
str_invoices	client_company	varchar	255
str_invoices	inv_date	date	0
str_invoices	due_date	date	0
str_invoices	period_from	date	0
str_invoices	period_to	date	0
str_invoices	description	varchar	255
str_invoices	amount	decimal	0
str_invoices	sst_enabled	tinyint	0
str_invoices	sst_amount	decimal	0
str_invoices	total	decimal	0
str_invoices	amount_paid	decimal	0
str_invoices	status	varchar	32
str_invoices	file_path	varchar	512
str_invoices	file_url	varchar	512
str_invoices	file_id	varchar	512
str_invoices	notes	text	65535
str_invoices	created_by	varchar	255
str_invoices	created_at	datetime	0
str_invoices	updated_at	datetime	0
str_lots	id	varchar	64
str_lots	zone	varchar	64
str_lots	floor	varchar	64
str_lots	type	varchar	64
str_lots	lockset	varchar	64
str_lots	width_mm	decimal	0
str_lots	depth_mm	decimal	0
str_lots	area_sqm	decimal	0
str_lots	notes	text	65535
str_lots	updated_at	datetime	0
str_payments	id	char	36
str_payments	invoice_id	char	36
str_payments	pay_date	date	0
str_payments	amount	decimal	0
str_payments	method	varchar	255
str_payments	reference	varchar	255
str_payments	received_by	varchar	255
str_payments	notes	text	65535
str_payments	created_by	varchar	255
str_payments	created_at	datetime	0
str_rentals	id	varchar	64
str_rentals	engagement_type	varchar	32
str_rentals	lot_id	varchar	64
str_rentals	client_company	varchar	255
str_rentals	department	varchar	255
str_rentals	client_pic	varchar	255
str_rentals	client_contact	varchar	255
str_rentals	client_email	varchar	255
str_rentals	start_date	date	0
str_rentals	end_date	date	0
str_rentals	monthly_rate	decimal	0
str_rentals	deposit	decimal	0
str_rentals	deposit_status	varchar	32
str_rentals	status	varchar	32
str_rentals	notice1_sent	varchar	255
str_rentals	notice2_sent	varchar	255
str_rentals	agreement_signed	varchar	32
str_rentals	cctv_no	varchar	255
str_rentals	cctv_url	varchar	512
str_rentals	items_description	text	65535
str_rentals	photos_url	text	65535
str_rentals	photo_paths	text	65535
str_rentals	agreement_path	varchar	512
str_rentals	agreement_url	varchar	512
str_rentals	handled_by	varchar	255
str_rentals	remarks	text	65535
str_rentals	created_by	varchar	255
str_rentals	created_at	datetime	0
str_rentals	updated_by	varchar	255
str_rentals	updated_at	datetime	0
tc_clients	id	varchar	64
tc_clients	b2b_exempt	tinyint	0
tc_clients	contact_email	varchar	255
tc_clients	contact_name	varchar	255
tc_clients	contact_tel	varchar	64
tc_clients	name	varchar	255
tc_clients	notes	text	65535
tc_clients	type	varchar	64
tc_clients	_json	longtext	4294967295
tc_expenses	id	varchar	64
tc_expenses	created_at	datetime	0
tc_expenses	amount	decimal	0
tc_expenses	category	varchar	64
tc_expenses	date	date	0
tc_expenses	description	text	65535
tc_expenses	linked_job_id	varchar	64
tc_expenses	paid_via	varchar	64
tc_expenses	_json	longtext	4294967295
tc_green_tag_logs	id	varchar	64
tc_green_tag_logs	_json	longtext	4294967295
tc_green_tag_logs	created_at	datetime	0
tc_hoarding_quotes	id	varchar	64
tc_hoarding_quotes	_json	longtext	4294967295
tc_hoarding_quotes	created_at	datetime	0
tc_jobs	id	varchar	64
tc_jobs	no	varchar	64
tc_jobs	service	varchar	64
tc_jobs	invoice_no	varchar	64
tc_jobs	invoice_date	date	0
tc_jobs	status	varchar	64
tc_jobs	client_name	varchar	255
tc_jobs	value	decimal	0
tc_jobs	created_at	datetime	0
tc_jobs	created_by	varchar	255
tc_jobs	updated_at	datetime	0
tc_jobs	updated_by	varchar	255
tc_jobs	b2b_exempt	tinyint	0
tc_jobs	client_type	varchar	64
tc_jobs	_json	longtext	4294967295
tc_lorries	id	varchar	64
tc_lorries	capacity	varchar	64
tc_lorries	category	varchar	64
tc_lorries	code	varchar	64
tc_lorries	notes	text	65535
tc_lorries	plate_no	varchar	32
tc_lorries	type	varchar	64
tc_lorries	_json	longtext	4294967295
tc_rorobin_events	id	varchar	64
tc_rorobin_events	_json	longtext	4294967295
tc_rorobin_events	created_at	datetime	0
tc_scaffold_materials	id	varchar	64
tc_scaffold_materials	_json	longtext	4294967295
tc_scaffold_materials	created_at	datetime	0
tc_settings	key	varchar	128
tc_settings	value	text	65535
tc_sites	id	varchar	64
tc_sites	address	text	65535
tc_sites	name	varchar	255
tc_sites	_json	longtext	4294967295
tc_storage_reminders	id	varchar	64
tc_storage_reminders	_json	longtext	4294967295
tc_storage_reminders	created_at	datetime	0
tc_sync_log	id	bigint	0
tc_sync_log	timestamp	datetime	0
tc_sync_log	user	varchar	255
tc_sync_log	action	varchar	64
tc_sync_log	job_count	int	0
tc_sync_log	total_records	int	0
tc_team	id	varchar	64
tc_team	category	varchar	64
tc_team	name	varchar	255
tc_team	role	varchar	64
tc_team	tel	varchar	64
tc_team	_json	longtext	4294967295
trn_alarms	alarm_type	varchar	15
trn_alarms	ref	varchar	133
trn_alarms	detail	varchar	412
trn_alarms	due_date	date	0
trn_alarms	recipient	varchar	255
trn_bins	id	char	36
trn_bins	bin_no	varchar	64
trn_bins	swcorp_reg	varchar	255
trn_bins	size	varchar	64
trn_bins	status	varchar	32
trn_bins	notes	text	65535
trn_bins	updated_at	datetime	0
trn_clients	id	char	36
trn_clients	company	varchar	255
trn_clients	reg_no	varchar	255
trn_clients	pic	varchar	255
trn_clients	contact	varchar	255
trn_clients	email	varchar	255
trn_clients	address	varchar	255
trn_clients	notes	text	65535
trn_clients	created_by	varchar	255
trn_clients	created_at	datetime	0
trn_clients	updated_at	datetime	0
trn_engagements	id	char	36
trn_engagements	ref	varchar	64
trn_engagements	client_id	char	36
trn_engagements	client_company	varchar	255
trn_engagements	reason	varchar	64
trn_engagements	site_name	varchar	255
trn_engagements	site_address	varchar	255
trn_engagements	status	varchar	32
trn_engagements	handled_by	varchar	255
trn_engagements	remarks	text	65535
trn_engagements	created_by	varchar	255
trn_engagements	created_at	datetime	0
trn_engagements	updated_by	varchar	255
trn_engagements	updated_at	datetime	0
trn_invoices	id	char	36
trn_invoices	inv_no	varchar	64
trn_invoices	engagement_id	char	36
trn_invoices	engagement_ref	varchar	64
trn_invoices	client_id	char	36
trn_invoices	client_company	varchar	255
trn_invoices	inv_date	varchar	32
trn_invoices	due_date	varchar	32
trn_invoices	description	text	65535
trn_invoices	amount	decimal	0
trn_invoices	sst_enabled	tinyint	0
trn_invoices	sst_amount	decimal	0
trn_invoices	total	decimal	0
trn_invoices	status	varchar	32
trn_invoices	file_path	varchar	512
trn_invoices	file_url	varchar	512
trn_invoices	file_id	varchar	255
trn_invoices	notes	text	65535
trn_invoices	created_by	varchar	255
trn_invoices	created_at	datetime	0
trn_invoices	updated_at	datetime	0
trn_jobs	id	char	36
trn_jobs	engagement_id	char	36
trn_jobs	engagement_ref	varchar	64
trn_jobs	client_id	char	36
trn_jobs	client_company	varchar	255
trn_jobs	service	varchar	32
trn_jobs	status	varchar	32
trn_jobs	start_datetime	varchar	32
trn_jobs	end_datetime	varchar	32
trn_jobs	from_location	varchar	255
trn_jobs	to_location	varchar	255
trn_jobs	lorry_type	varchar	255
trn_jobs	lorry_plate	varchar	64
trn_jobs	driver	varchar	255
trn_jobs	trips	decimal	0
trn_jobs	collection_mover_by	varchar	255
trn_jobs	delivery_mover_by	varchar	255
trn_jobs	movers	decimal	0
trn_jobs	shifts	decimal	0
trn_jobs	items_description	text	65535
trn_jobs	bin_id	char	36
trn_jobs	bin_no	varchar	64
trn_jobs	placement_type	varchar	64
trn_jobs	place_datetime	varchar	32
trn_jobs	collect_datetime	varchar	32
trn_jobs	permit_no	varchar	64
trn_jobs	swcorp_ref	varchar	64
trn_jobs	max_days	decimal	0
trn_jobs	rate_code	varchar	64
trn_jobs	rate_label	varchar	255
trn_jobs	unit_rate	decimal	0
trn_jobs	quantity	decimal	0
trn_jobs	amount	decimal	0
trn_jobs	invoice_id	char	36
trn_jobs	handled_by	varchar	255
trn_jobs	remarks	text	65535
trn_jobs	trip_id	char	36
trn_jobs	stop_seq	int	0
trn_jobs	internal_use	tinyint	0
trn_jobs	landfill	varchar	255
trn_jobs	weight_tons	decimal	0
trn_jobs	tip_fee	decimal	0
trn_jobs	tipping_date	varchar	32
trn_jobs	tipping_receipt_path	varchar	512
trn_jobs	tipping_receipt_url	varchar	512
trn_jobs	stops	longtext	4294967295
trn_jobs	created_by	varchar	255
trn_jobs	created_at	datetime	0
trn_jobs	updated_by	varchar	255
trn_jobs	updated_at	datetime	0
trn_lorries	id	char	36
trn_lorries	plate_no	varchar	64
trn_lorries	code	varchar	64
trn_lorries	type	varchar	255
trn_lorries	capacity	varchar	64
trn_lorries	category	varchar	32
trn_lorries	active	tinyint	0
trn_lorries	notes	text	65535
trn_lorries	updated_at	datetime	0
trn_payments	id	char	36
trn_payments	invoice_id	char	36
trn_payments	pay_date	varchar	32
trn_payments	amount	decimal	0
trn_payments	method	varchar	64
trn_payments	reference	varchar	255
trn_payments	received_by	varchar	255
trn_payments	notes	text	65535
trn_payments	created_at	datetime	0
trn_photos	id	char	36
trn_photos	job_id	char	36
trn_photos	engagement_id	char	36
trn_photos	service	varchar	32
trn_photos	stage	varchar	64
trn_photos	storage_path	varchar	512
trn_photos	url	varchar	512
trn_photos	file_id	varchar	255
trn_photos	caption	varchar	255
trn_photos	taken_by	varchar	255
trn_photos	taken_at	datetime	0
trn_rates	id	char	36
trn_rates	service	varchar	32
trn_rates	code	varchar	64
trn_rates	label	varchar	255
trn_rates	unit	varchar	64
trn_rates	rate	decimal	0
trn_rates	active	tinyint	0
trn_rates	updated_at	datetime	0
trn_settings	key	varchar	191
trn_settings	value	varchar	255
trn_trips	id	char	36
trn_trips	ref	varchar	64
trn_trips	trip_date	varchar	32
trn_trips	shift	varchar	16
trn_trips	lorry_plate	varchar	64
trn_trips	driver	varchar	255
trn_trips	driver_id	char	36
trn_trips	driver_cost	decimal	0
trn_trips	lorry_cost	decimal	0
trn_trips	crew	longtext	4294967295
trn_trips	status	varchar	32
trn_trips	notes	text	65535
trn_trips	created_by	varchar	255
trn_trips	created_at	datetime	0
trn_trips	updated_by	varchar	255
trn_trips	updated_at	datetime	0
trn_workers	id	char	36
trn_workers	name	varchar	255
trn_workers	phone	varchar	64
trn_workers	role	varchar	32
trn_workers	pay_type	varchar	32
trn_workers	day_rate	decimal	0
trn_workers	night_rate	decimal	0
trn_workers	monthly_salary	decimal	0
trn_workers	active	tinyint	0
trn_workers	notes	text	65535
trn_workers	updated_at	datetime	0
users	id	char	36
users	email	varchar	255
users	password_hash	varchar	255
users	name	varchar	255
users	role	enum	5
users	active	tinyint	0
users	created_at	datetime	0
users	updated_at	datetime	0
users	home_mode	varchar	32
vis_alarms	alarm_type	varchar	17
vis_alarms	ref	varchar	255
vis_alarms	detail	varchar	593
vis_alarms	due_date	date	0
vis_alarms	recipient	mediumtext	16777215
vis_invoices	id	char	36
vis_invoices	inv_no	varchar	64
vis_invoices	inv_date	date	0
vis_invoices	period	varchar	255
vis_invoices	malls	varchar	255
vis_invoices	claimed_amount	decimal	0
vis_invoices	sst_enabled	tinyint	0
vis_invoices	sst_amount	decimal	0
vis_invoices	claimed_total	decimal	0
vis_invoices	file_url	varchar	512
vis_invoices	file_path	varchar	512
vis_invoices	file_id	varchar	255
vis_invoices	status	varchar	32
vis_invoices	recon_verdict	varchar	16
vis_invoices	recon_note	text	65535
vis_invoices	notes	text	65535
vis_invoices	created_by	varchar	255
vis_invoices	created_at	datetime	0
vis_invoices	updated_at	datetime	0
vis_invoice_jobs	id	char	36
vis_invoice_jobs	invoice_id	char	36
vis_invoice_jobs	job_id	char	36
vis_invoice_jobs	claimed_sqft	decimal	0
vis_invoice_jobs	claimed_amount	decimal	0
vis_invoice_jobs	recorded_sqft	decimal	0
vis_invoice_jobs	recorded_amount	decimal	0
vis_invoice_jobs	variance_rm	decimal	0
vis_invoice_jobs	flag	varchar	16
vis_jobs	id	char	36
vis_jobs	job_no	varchar	64
vis_jobs	status	varchar	64
vis_jobs	mall	varchar	255
vis_jobs	lot_no	varchar	255
vis_jobs	job_type	varchar	64
vis_jobs	client	varchar	255
vis_jobs	requested_by	varchar	255
vis_jobs	request_date	date	0
vis_jobs	install_date	date	0
vis_jobs	completed_date	date	0
vis_jobs	artwork_link	varchar	512
vis_jobs	artwork_proof_url	varchar	512
vis_jobs	artwork_proof_path	varchar	512
vis_jobs	sketch_url	varchar	512
vis_jobs	sketch_path	varchar	512
vis_jobs	site_photo_paths	longtext	4294967295
vis_jobs	photo_paths	longtext	4294967295
vis_jobs	site_photos_url	varchar	512
vis_jobs	photos_url	varchar	512
vis_jobs	folder_url	varchar	512
vis_jobs	material	varchar	255
vis_jobs	total_sqft	decimal	0
vis_jobs	rate_id	char	36
vis_jobs	rate_per_sqft	decimal	0
vis_jobs	install_rate	decimal	0
vis_jobs	subtotal	decimal	0
vis_jobs	expected_amount	decimal	0
vis_jobs	permit_id	char	36
vis_jobs	proceed_by	varchar	255
vis_jobs	proceed_at	datetime	0
vis_jobs	notes	text	65535
vis_jobs	created_by	varchar	255
vis_jobs	created_at	datetime	0
vis_jobs	updated_at	datetime	0
vis_job_panels	id	char	36
vis_job_panels	job_id	char	36
vis_job_panels	label	varchar	255
vis_job_panels	width_val	decimal	0
vis_job_panels	height_val	decimal	0
vis_job_panels	unit	varchar	8
vis_job_panels	qty	decimal	0
vis_job_panels	sqft	decimal	0
vis_job_panels	material	varchar	255
vis_job_panels	rate_per_sqft	decimal	0
vis_job_panels	amount	decimal	0
vis_malls	id	char	36
vis_malls	name	varchar	255
vis_malls	notes	text	65535
vis_malls	updated_at	datetime	0
vis_materials	id	char	36
vis_materials	name	varchar	255
vis_materials	notes	text	65535
vis_materials	updated_at	datetime	0
vis_permits	id	char	36
vis_permits	mall	varchar	255
vis_permits	lot_no	varchar	255
vis_permits	permit_type	varchar	64
vis_permits	permit_no	varchar	255
vis_permits	valid_from	date	0
vis_permits	valid_to	date	0
vis_permits	file_url	varchar	512
vis_permits	file_path	varchar	512
vis_permits	file_id	varchar	255
vis_permits	notes	text	65535
vis_permits	created_by	varchar	255
vis_permits	created_at	datetime	0
vis_rates	id	char	36
vis_rates	mall	varchar	255
vis_rates	material	varchar	255
vis_rates	job_type	varchar	64
vis_rates	rate_per_sqft	decimal	0
vis_rates	install_rate	decimal	0
vis_rates	package_rate	decimal	0
vis_rates	min_charge	decimal	0
vis_rates	effective_from	date	0
vis_rates	notes	text	65535
vis_rates	updated_by	varchar	255
vis_rates	updated_at	datetime	0
vis_workers	id	char	36
vis_workers	name	varchar	255
vis_workers	role	varchar	255
vis_workers	phone	varchar	64
vis_workers	ic_no	varchar	64
vis_workers	ic_file_url	varchar	512
vis_workers	ic_file_path	varchar	512
vis_workers	ic_file_id	varchar	255
vis_workers	cidb_no	varchar	64
vis_workers	cidb_expiry	date	0
vis_workers	cidb_file_url	varchar	512
vis_workers	cidb_file_path	varchar	512
vis_workers	cidb_file_id	varchar	255
vis_workers	wah_no	varchar	64
vis_workers	wah_expiry	date	0
vis_workers	wah_file_url	varchar	512
vis_workers	wah_file_path	varchar	512
vis_workers	wah_file_id	varchar	255
vis_workers	doc_type	varchar	255
vis_workers	doc_no	varchar	255
vis_workers	doc_expiry	date	0
vis_workers	doc_url	varchar	512
vis_workers	doc_file_path	varchar	512
vis_workers	doc_file_id	varchar	255
vis_workers	status	varchar	32
vis_workers	notes	text	65535
vis_workers	updated_by	varchar	255
vis_workers	updated_at	datetime	0
wkr_alarms	alarm_type	varchar	17
wkr_alarms	ref	varchar	255
wkr_alarms	detail	varchar	1043
wkr_alarms	due_date	date	0
wkr_alarms	recipient	mediumtext	16777215
wkr_divisions	id	char	36
wkr_divisions	name	varchar	255
wkr_divisions	description	text	65535
wkr_divisions	active	tinyint	0
wkr_divisions	created_by	varchar	255
wkr_divisions	created_at	datetime	0
wkr_documents	id	char	36
wkr_documents	worker_id	char	36
wkr_documents	doc_type	varchar	255
wkr_documents	doc_subtype	varchar	255
wkr_documents	doc_number	varchar	255
wkr_documents	issue_date	date	0
wkr_documents	expiry_date	date	0
wkr_documents	issuing_authority	varchar	255
wkr_documents	file_url	varchar	512
wkr_documents	notes	text	65535
wkr_documents	created_by	varchar	255
wkr_documents	created_at	datetime	0
wkr_documents	updated_by	varchar	255
wkr_documents	updated_at	datetime	0
wkr_insurance_attachments	id	char	36
wkr_insurance_attachments	policy_id	char	36
wkr_insurance_attachments	label	varchar	255
wkr_insurance_attachments	file_url	varchar	512
wkr_insurance_attachments	sort_order	int	0
wkr_insurance_payments	id	char	36
wkr_insurance_payments	policy_id	char	36
wkr_insurance_payments	payment_date	date	0
wkr_insurance_payments	amount	decimal	0
wkr_insurance_payments	reference	varchar	255
wkr_insurance_payments	notes	text	65535
wkr_insurance_payments	sort_order	int	0
wkr_insurance_policies	id	char	36
wkr_insurance_policies	policy_number	varchar	255
wkr_insurance_policies	provider	varchar	255
wkr_insurance_policies	coverage_type	varchar	255
wkr_insurance_policies	coverage_amount	varchar	255
wkr_insurance_policies	valid_from	date	0
wkr_insurance_policies	valid_until	date	0
wkr_insurance_policies	file_url	varchar	512
wkr_insurance_policies	notes	text	65535
wkr_insurance_policies	status	varchar	255
wkr_insurance_policies	invoice_number	varchar	255
wkr_insurance_policies	premium_amount	decimal	0
wkr_insurance_policies	charged_to_client	decimal	0
wkr_insurance_policies	created_by	varchar	255
wkr_insurance_policies	created_at	datetime	0
wkr_insurance_policies	updated_by	varchar	255
wkr_insurance_policies	updated_at	datetime	0
wkr_insurance_quotes	id	char	36
wkr_insurance_quotes	policy_id	char	36
wkr_insurance_quotes	provider	varchar	255
wkr_insurance_quotes	amount	decimal	0
wkr_insurance_quotes	notes	text	65535
wkr_insurance_quotes	sort_order	int	0
wkr_permit_attachments	id	char	36
wkr_permit_attachments	permit_id	char	36
wkr_permit_attachments	label	varchar	255
wkr_permit_attachments	file_url	varchar	512
wkr_permit_attachments	sort_order	int	0
wkr_permit_forms	id	char	36
wkr_permit_forms	mall_name	varchar	255
wkr_permit_forms	form_name	varchar	255
wkr_permit_forms	form_type	varchar	255
wkr_permit_forms	version	varchar	255
wkr_permit_forms	file_url	varchar	512
wkr_permit_forms	contact_info	varchar	255
wkr_permit_forms	lead_time	varchar	255
wkr_permit_forms	requirements	text	65535
wkr_permit_forms	notes	text	65535
wkr_permit_forms	last_verified_date	date	0
wkr_permit_forms	created_by	varchar	255
wkr_permit_forms	created_at	datetime	0
wkr_permit_forms	updated_by	varchar	255
wkr_permit_forms	updated_at	datetime	0
wkr_permit_workers	id	char	36
wkr_permit_workers	permit_id	char	36
wkr_permit_workers	worker_id	char	36
wkr_permit_workers	role	varchar	255
wkr_report_history	id	char	36
wkr_report_history	generated_at	datetime	0
wkr_report_history	generated_by	varchar	255
wkr_report_history	format	varchar	255
wkr_report_history	mall_name	varchar	255
wkr_report_history	project_name	varchar	255
wkr_report_history	contractor_ref	varchar	255
wkr_report_history	report_date	date	0
wkr_report_history	division_ids	text	65535
wkr_report_history	worker_ids	text	65535
wkr_report_history	doc_types	text	65535
wkr_report_history	worker_count	int	0
wkr_report_history	doc_type_count	int	0
wkr_swms_equipment	id	varchar	64
wkr_swms_equipment	service	varchar	255
wkr_swms_equipment	equipment	text	65535
wkr_swms_equipment	purpose	text	65535
wkr_swms_equipment	sort_order	int	0
wkr_swms_ppe	id	varchar	64
wkr_swms_ppe	service	varchar	255
wkr_swms_ppe	ppe	varchar	255
wkr_swms_ppe	sort_order	int	0
wkr_swms_services	id	varchar	64
wkr_swms_services	name	varchar	255
wkr_swms_services	sort_order	int	0
wkr_swms_steps	id	varchar	64
wkr_swms_steps	service	varchar	255
wkr_swms_steps	step_no	varchar	32
wkr_swms_steps	job_step	text	65535
wkr_swms_steps	method	text	65535
wkr_swms_steps	hazards	text	65535
wkr_swms_steps	impacts	text	65535
wkr_swms_steps	existing_controls	text	65535
wkr_swms_steps	impact	varchar	64
wkr_swms_steps	likelihood	varchar	64
wkr_swms_steps	additional_controls	text	65535
wkr_swms_steps	sort_order	int	0
wkr_workers	id	char	36
wkr_workers	full_name	varchar	255
wkr_workers	ic_number	varchar	255
wkr_workers	passport_number	varchar	255
wkr_workers	nationality	varchar	255
wkr_workers	division_id	char	36
wkr_workers	position	varchar	255
wkr_workers	phone	varchar	255
wkr_workers	photo_url	varchar	512
wkr_workers	status	varchar	255
wkr_workers	created_by	varchar	255
wkr_workers	created_at	datetime	0
wkr_workers	updated_by	varchar	255
wkr_workers	updated_at	datetime	0
wkr_work_permits	id	char	36
wkr_work_permits	permit_number	varchar	255
wkr_work_permits	title	varchar	255
wkr_work_permits	mall_name	varchar	255
wkr_work_permits	project_reference	varchar	255
wkr_work_permits	contractor_client	varchar	255
wkr_work_permits	work_scope	text	65535
wkr_work_permits	work_area	varchar	255
wkr_work_permits	working_hours	varchar	255
wkr_work_permits	applied_by	varchar	255
wkr_work_permits	issued_by	varchar	255
wkr_work_permits	issue_date	date	0
wkr_work_permits	valid_from	date	0
wkr_work_permits	valid_until	date	0
wkr_work_permits	file_url	varchar	512
wkr_work_permits	status	varchar	255
wkr_work_permits	notes	text	65535
wkr_work_permits	duration	varchar	255
wkr_work_permits	insurance_source	varchar	255
wkr_work_permits	insurance_policy_id	char	36
wkr_work_permits	insurance_provider	varchar	255
wkr_work_permits	insurance_policy_number	varchar	255
wkr_work_permits	insurance_file_url	varchar	512
wkr_work_permits	insurance_notes	text	65535
wkr_work_permits	client_invoice_number	varchar	255
wkr_work_permits	created_by	varchar	255
wkr_work_permits	created_at	datetime	0
wkr_work_permits	updated_by	varchar	255
wkr_work_permits	updated_at	datetime	0
